"","Gene","Pathway","Function","logFC.EXPO1X","logFC.EXPO1000X","FDR","NDD"
"5","ABCC9","Estrogen","DEG",-0.403909464484482,-0.502715872065733,0.0184806623276838,"NO"
"12","ABLIM3","Androgen","DEG",-0.218519798686307,-0.525698080023211,0.0120667406550169,"NO"
"13","ABLIM3","Estrogen","DEG",-0.218519798686307,-0.525698080023211,0.0120667406550169,"NO"
"14","ACAN","PPAR","DEG",0.107609038310562,-1.5125853008852,0.00360745060998848,"NO"
"15","ACRBP","Thyroid","DEG",-0.463221498139088,-0.777316533008405,0.0113367525386081,"NO"
"16","ACTN2","Androgen","DEG",-0.454784701751081,-0.689801484576385,0.0378309269223369,"NO"
"17","ADAM11","PPAR","DEG",-0.314349777108543,-0.748448016159188,0.000365068056502048,"NO"
"18","ADAM11","Estrogen","DEG",-0.314349777108543,-0.748448016159188,0.000365068056502048,"NO"
"19","ADAM11","Thyroid","DEG",-0.314349777108543,-0.748448016159188,0.000365068056502048,"NO"
"20","ADAM12","Thyroid","DEG",-0.453247734523945,-1.13190117882912,0.000626329044586337,"NO"
"21","ADAM20","Androgen","DEG",-0.680251683339829,-0.727917387697188,0.0143396356171099,"NO"
"22","ADAM21","Androgen","DEG",-0.921885099340767,-1.19912864189894,0.00103269316847712,"NO"
"23","ADGRL2","Estrogen","DEG",-0.0298275939718595,-0.604584580097358,0.00629381287410503,"YES"
"24","ADGRL2","Retinoic","DEG",-0.0298275939718595,-0.604584580097358,0.00629381287410503,"YES"
"25","ADGRL2","Corticoid","DEG",-0.0298275939718595,-0.604584580097358,0.00629381287410503,"YES"
"26","ADGRL2","Thyroid","DEG",-0.0298275939718595,-0.604584580097358,0.00629381287410503,"YES"
"30","AKR1C2","Progesterone","DEG",-0.345391449967661,-0.583948903261972,0.0290154001636307,"NO"
"31","AKR1C2","Androgen","DEG",-0.345391449967661,-0.583948903261972,0.0290154001636307,"NO"
"34","ANGPTL4","Corticoid","DEG",-0.195872056385937,0.607589383686611,0.000318287328206541,"NO"
"35","ANGPTL4","PPAR","DEG",-0.195872056385937,0.607589383686611,0.000318287328206541,"NO"
"36","ANGPTL4","Estrogen","DEG",-0.195872056385937,0.607589383686611,0.000318287328206541,"NO"
"37","ANGPTL4","Thyroid","DEG",-0.195872056385937,0.607589383686611,0.000318287328206541,"NO"
"38","ANKRD37","Estrogen","DEG",0.111606838644086,0.537055120560275,0.0278612170125493,"NO"
"39","ANKRD37","Androgen","DEG",0.111606838644086,0.537055120560275,0.0278612170125493,"NO"
"40","APOBEC2","Thyroid","DEG",-0.585092468553657,-0.710182021067935,0.0158417080342668,"NO"
"41","APOE","Estrogen","DEG",0.479960059456929,0.70051114421665,0.0059439092813967,"NO"
"42","APOE","Progesterone","DEG",0.479960059456929,0.70051114421665,0.0059439092813967,"NO"
"43","APOE","Thyroid","DEG",0.479960059456929,0.70051114421665,0.0059439092813967,"NO"
"44","APOE","PPAR","DEG",0.479960059456929,0.70051114421665,0.0059439092813967,"NO"
"45","APOE","Retinoic","DEG",0.479960059456929,0.70051114421665,0.0059439092813967,"NO"
"46","AR","Androgen","PsychencodeTF",0.382061409731406,-0.100862342985802,0.000408697952222762,"YES"
"47","AR","Thyroid","PsychencodeTF",0.382061409731406,-0.100862342985802,0.000408697952222762,"YES"
"48","AR","Estrogen","PsychencodeTF",0.382061409731406,-0.100862342985802,0.000408697952222762,"YES"
"49","AR","Progesterone","PsychencodeTF",0.382061409731406,-0.100862342985802,0.000408697952222762,"YES"
"55","ARMCX4","Thyroid","DEG",-0.541263716045507,-0.595561456926151,0.000117081046024042,"NO"
"56","ARNT2","Progesterone","PsychencodeTF",0.196113227514918,0.212381495046142,0.0224030541508607,"YES"
"57","ARNT2","Estrogen","PsychencodeTF",0.196113227514918,0.212381495046142,0.0224030541508607,"YES"
"58","ARNT2","Thyroid","PsychencodeTF",0.196113227514918,0.212381495046142,0.0224030541508607,"YES"
"59","ARNT2","PPAR","PsychencodeTF",0.196113227514918,0.212381495046142,0.0224030541508607,"YES"
"66","ARPP21","Estrogen","DEG",-0.374848983800243,-0.806378752854424,0.0198129271855625,"NO"
"67","ATF5","Thyroid","PsychencodeTF",-0.00799578200739643,0.386456761534288,0.0325992578694302,"NO"
"68","ATF5","Retinoic","PsychencodeTF",-0.00799578200739643,0.386456761534288,0.0325992578694302,"NO"
"69","ATF5","Estrogen","PsychencodeTF",-0.00799578200739643,0.386456761534288,0.0325992578694302,"NO"
"70","ATF5","Corticoid","PsychencodeTF",-0.00799578200739643,0.386456761534288,0.0325992578694302,"NO"
"71","ATF5","PPAR","PsychencodeTF",-0.00799578200739643,0.386456761534288,0.0325992578694302,"NO"
"72","ATG9B","PPAR","DEG",-0.549169640341461,-0.0904593331446291,0.0397295726220233,"NO"
"73","ATG9B","Thyroid","DEG",-0.549169640341461,-0.0904593331446291,0.0397295726220233,"NO"
"75","BCL11B","Estrogen","PsychencodeTF",0.302632587606205,0.358690507925577,0.0168330490287992,"YES"
"79","BCO1","Thyroid","DEG",-0.117743368060145,0.549212553088567,0.0329167482637771,"NO"
"80","BEAN1","Estrogen","DEG",-0.494740571201158,-0.692416386587935,0.0136364924143463,"NO"
"86","BMPER","Thyroid","DEG",-0.170773830641646,-1.00046712374517,0.0337769482573724,"NO"
"87","BMPER","Estrogen","DEG",-0.170773830641646,-1.00046712374517,0.0337769482573724,"NO"
"88","BMPER","Retinoic","DEG",-0.170773830641646,-1.00046712374517,0.0337769482573724,"NO"
"89","BNC2","Androgen","DEG",-0.162343361306179,-0.997317188949141,0.00743214564780831,"NO"
"90","BRD3","PPAR","DEG",0.492718962897705,0.589662449173081,0.0152055342752791,"NO"
"91","BRD3","Corticoid","DEG",0.492718962897705,0.589662449173081,0.0152055342752791,"NO"
"92","BRINP3","Retinoic","DEG",-0.880345467969379,-0.313432903090704,0.042266792805655,"YES"
"93","C1QTNF7","Thyroid","DEG",-0.781850005964527,-1.01474193650497,0.00334633238570132,"NO"
"94","C4orf19","Thyroid","DEG",0.0374948774273088,0.622008458332561,0.00345485450179155,"NO"
"95","C4orf19","Androgen","DEG",0.0374948774273088,0.622008458332561,0.00345485450179155,"NO"
"96","C4orf48","Thyroid","DEG",1.00296175477924,1.13868814058214,0.0221409206971639,"NO"
"97","C4orf48","Progesterone","DEG",1.00296175477924,1.13868814058214,0.0221409206971639,"NO"
"98","CA13","Thyroid","DEG",-0.330024624990828,-0.590366492756576,0.0287009687999792,"NO"
"99","CALB1","Estrogen","DEG",0.615933590365786,0.259355927342253,0.0124797794290657,"NO"
"100","CALB1","Progesterone","DEG",0.615933590365786,0.259355927342253,0.0124797794290657,"NO"
"101","CALB2","Estrogen","DEG",-0.00446255864007065,-1.26001199223954,0.000203270232213033,"NO"
"107","CBLN2","Thyroid","DEG",-0.0420123053469026,-0.56658907262171,0.00448649464565417,"NO"
"108","CCDC124","Thyroid","DEG",0.420711536468938,0.535296957996334,0.0185342185483846,"NO"
"109","CCDC124","PPAR","DEG",0.420711536468938,0.535296957996334,0.0185342185483846,"NO"
"110","CCDC136","Thyroid","DEG",-0.390163820634222,-0.512032924420048,0.000115652320415034,"NO"
"111","CCDC170","PPAR","DEG",0.074931265651624,0.76570011117157,0.034593319586132,"NO"
"112","CCDC85B","Thyroid","DEG",0.98394542808839,1.02977125591527,0.0103853940831626,"NO"
"113","CCDC85B","Estrogen","DEG",0.98394542808839,1.02977125591527,0.0103853940831626,"NO"
"114","CCDC85B","PPAR","DEG",0.98394542808839,1.02977125591527,0.0103853940831626,"NO"
"115","CCDC86","Androgen","DEG",0.289129013881499,0.54230868306167,0.0159389529439372,"NO"
"116","CCDC86","Progesterone","DEG",0.289129013881499,0.54230868306167,0.0159389529439372,"NO"
"117","CCDC86","Thyroid","DEG",0.289129013881499,0.54230868306167,0.0159389529439372,"NO"
"118","CCDC86","Corticoid","DEG",0.289129013881499,0.54230868306167,0.0159389529439372,"NO"
"119","CCDC86","Estrogen","DEG",0.289129013881499,0.54230868306167,0.0159389529439372,"NO"
"124","CEBPB","Thyroid","PsychencodeTF&DEG",0.59112746171814,0.580468031493807,0.0175515259034779,"NO"
"125","CEBPB","Androgen","PsychencodeTF&DEG",0.59112746171814,0.580468031493807,0.0175515259034779,"NO"
"126","CEBPB","Corticoid","PsychencodeTF&DEG",0.59112746171814,0.580468031493807,0.0175515259034779,"NO"
"127","CEBPB","Progesterone","PsychencodeTF&DEG",0.59112746171814,0.580468031493807,0.0175515259034779,"NO"
"128","CEBPB","Retinoic","PsychencodeTF&DEG",0.59112746171814,0.580468031493807,0.0175515259034779,"NO"
"129","CEBPB","PPAR","PsychencodeTF&DEG",0.59112746171814,0.580468031493807,0.0175515259034779,"NO"
"130","CEBPB","Estrogen","PsychencodeTF&DEG",0.59112746171814,0.580468031493807,0.0175515259034779,"NO"
"135","CEL","Estrogen","DEG",-0.842467761686196,-0.295625072796856,0.0035486128610924,"NO"
"136","CEL","Thyroid","DEG",-0.842467761686196,-0.295625072796856,0.0035486128610924,"NO"
"137","CENPA","Progesterone","DEG",0.55724182373281,0.447381887892277,0.0267133519501787,"NO"
"138","CENPA","Thyroid","DEG",0.55724182373281,0.447381887892277,0.0267133519501787,"NO"
"139","CENPB","Progesterone","PsychencodeTF",0.0997016216463671,0.221288092777923,0.0170637621250047,"NO"
"140","CENPB","Thyroid","PsychencodeTF",0.0997016216463671,0.221288092777923,0.0170637621250047,"NO"
"141","CENPB","PPAR","PsychencodeTF",0.0997016216463671,0.221288092777923,0.0170637621250047,"NO"
"142","CHST9","PPAR","DEG",0.124425752398506,-0.875916589142892,0.0211046606803789,"NO"
"143","CLEC18B","PPAR","DEG",-0.41455256866648,-0.701224822727199,0.032550269507185,"NO"
"144","CNN1","Progesterone","DEG",-0.477752798180282,-0.737184263054846,0.0236011533662439,"NO"
"145","COL12A1","Estrogen","DEG",-0.57706816998572,-2.00465748908153,0.000528217557308281,"NO"
"146","COL12A1","Thyroid","DEG",-0.57706816998572,-2.00465748908153,0.000528217557308281,"NO"
"147","COL14A1","Progesterone","DEG",-0.415281403337354,-1.42816604579296,0.00549307939186351,"NO"
"148","COL14A1","Thyroid","DEG",-0.415281403337354,-1.42816604579296,0.00549307939186351,"NO"
"149","COL16A1","Thyroid","DEG",-0.351160445181752,-1.60459499895255,0.000302114510590987,"NO"
"150","COL16A1","Retinoic","DEG",-0.351160445181752,-1.60459499895255,0.000302114510590987,"NO"
"151","COL16A1","Progesterone","DEG",-0.351160445181752,-1.60459499895255,0.000302114510590987,"NO"
"152","COL16A1","Estrogen","DEG",-0.351160445181752,-1.60459499895255,0.000302114510590987,"NO"
"153","COL18A1","Estrogen","DEG",0.571802124558001,0.446182594442239,0.00715939162561959,"NO"
"154","COL18A1","Thyroid","DEG",0.571802124558001,0.446182594442239,0.00715939162561959,"NO"
"155","COL18A1","Progesterone","DEG",0.571802124558001,0.446182594442239,0.00715939162561959,"NO"
"156","COL18A1","Corticoid","DEG",0.571802124558001,0.446182594442239,0.00715939162561959,"NO"
"157","COL18A1","Retinoic","DEG",0.571802124558001,0.446182594442239,0.00715939162561959,"NO"
"158","COL18A1","PPAR","DEG",0.571802124558001,0.446182594442239,0.00715939162561959,"NO"
"159","COL1A1","Progesterone","DEG",-0.277380167526793,-1.93311597902027,0.00152236339043835,"NO"
"160","COL1A1","Retinoic","DEG",-0.277380167526793,-1.93311597902027,0.00152236339043835,"NO"
"161","COL1A1","PPAR","DEG",-0.277380167526793,-1.93311597902027,0.00152236339043835,"NO"
"162","COL1A1","Thyroid","DEG",-0.277380167526793,-1.93311597902027,0.00152236339043835,"NO"
"163","COL1A1","Estrogen","DEG",-0.277380167526793,-1.93311597902027,0.00152236339043835,"NO"
"164","COL1A1","Corticoid","DEG",-0.277380167526793,-1.93311597902027,0.00152236339043835,"NO"
"165","COL1A2","Progesterone","DEG",-0.311737572443864,-2.21440519556264,0.000657612606998377,"NO"
"166","COL1A2","Thyroid","DEG",-0.311737572443864,-2.21440519556264,0.000657612606998377,"NO"
"167","COL3A1","Thyroid","DEG",-0.356264282295414,-2.47024630242563,0.000485604023406727,"NO"
"168","COL3A1","Progesterone","DEG",-0.356264282295414,-2.47024630242563,0.000485604023406727,"NO"
"169","COL5A2","Estrogen","DEG",-0.137192140510986,-0.550423310552157,0.00375844717091622,"NO"
"170","COL5A2","Progesterone","DEG",-0.137192140510986,-0.550423310552157,0.00375844717091622,"NO"
"171","COL5A3","Thyroid","DEG",-0.490013458918549,-1.26569777474374,0.00795310467624935,"YES"
"172","COL6A3","Progesterone","DEG",0.172415897977239,-1.57403081976256,0.00105517374919419,"NO"
"173","COL6A3","Estrogen","DEG",0.172415897977239,-1.57403081976256,0.00105517374919419,"NO"
"174","COL6A3","Thyroid","DEG",0.172415897977239,-1.57403081976256,0.00105517374919419,"NO"
"176","COL9A2","Retinoic","DEG",0.695062143900674,0.56945826193145,0.00328019970215548,"NO"
"177","COLGALT2","Thyroid","DEG",0.544232106333767,0.232961790753671,0.015063089896998,"NO"
"178","COX7B","Estrogen","DEG",-0.413426254745475,-0.369954768688896,0.00141749757330694,"NO"
"179","COX7B","PPAR","DEG",-0.413426254745475,-0.369954768688896,0.00141749757330694,"NO"
"180","COX7B","Thyroid","DEG",-0.413426254745475,-0.369954768688896,0.00141749757330694,"NO"
"181","COX7B","Progesterone","DEG",-0.413426254745475,-0.369954768688896,0.00141749757330694,"NO"
"182","CPED1","Thyroid","DEG",-0.372960059893656,-2.29379053622183,0.00172342996034594,"NO"
"190","CRISPLD2","Corticoid","DEG",0.628482527757186,0.101087205408324,0.0379432471031565,"NO"
"191","CRISPLD2","Thyroid","DEG",0.628482527757186,0.101087205408324,0.0379432471031565,"NO"
"192","CRISPLD2","Androgen","DEG",0.628482527757186,0.101087205408324,0.0379432471031565,"NO"
"193","CRISPLD2","Estrogen","DEG",0.628482527757186,0.101087205408324,0.0379432471031565,"NO"
"194","CRISPLD2","PPAR","DEG",0.628482527757186,0.101087205408324,0.0379432471031565,"NO"
"195","CRYAB","Estrogen","DEG",0.138472226433233,0.707235044737769,0.00309263272499865,"NO"
"196","CRYAB","Androgen","DEG",0.138472226433233,0.707235044737769,0.00309263272499865,"NO"
"197","CRYAB","Corticoid","DEG",0.138472226433233,0.707235044737769,0.00309263272499865,"NO"
"198","CRYAB","PPAR","DEG",0.138472226433233,0.707235044737769,0.00309263272499865,"NO"
"199","CRYAB","Thyroid","DEG",0.138472226433233,0.707235044737769,0.00309263272499865,"NO"
"200","CSAD","PPAR","DEG",-0.519211175986888,-0.384957903017939,0.0261243917535783,"NO"
"201","CSAD","Corticoid","DEG",-0.519211175986888,-0.384957903017939,0.0261243917535783,"NO"
"202","CSAD","Thyroid","DEG",-0.519211175986888,-0.384957903017939,0.0261243917535783,"NO"
"203","CSAD","Estrogen","DEG",-0.519211175986888,-0.384957903017939,0.0261243917535783,"NO"
"204","CTSK","PPAR","DEG",-0.300072207223094,-0.777062900256378,0.00146248596828294,"NO"
"205","CTSK","Androgen","DEG",-0.300072207223094,-0.777062900256378,0.00146248596828294,"NO"
"206","CTSK","Thyroid","DEG",-0.300072207223094,-0.777062900256378,0.00146248596828294,"NO"
"207","CTSK","Estrogen","DEG",-0.300072207223094,-0.777062900256378,0.00146248596828294,"NO"
"208","CXCL12","PPAR","DEG",0.0514153808071328,-0.610699101620344,0.0331414400810977,"NO"
"209","CXCL12","Thyroid","DEG",0.0514153808071328,-0.610699101620344,0.0331414400810977,"NO"
"210","CXCL12","Estrogen","DEG",0.0514153808071328,-0.610699101620344,0.0331414400810977,"NO"
"211","CYP2D7","Thyroid","DEG",-0.416169292438954,-0.663853249972647,0.0374287578199318,"NO"
"212","CYP3A5","Estrogen","DEG",-0.463904334362745,-0.993190361456499,0.0027106928549217,"NO"
"213","CYP3A5","Retinoic","DEG",-0.463904334362745,-0.993190361456499,0.0027106928549217,"NO"
"214","CYP3A5","Thyroid","DEG",-0.463904334362745,-0.993190361456499,0.0027106928549217,"NO"
"215","DAAM2","Thyroid","DEG",-0.22065612733336,-0.648890342313847,0.0102386981404904,"NO"
"216","DCN","Thyroid","DEG",-0.188022171899347,-1.27122583957837,0.00610575121046428,"NO"
"217","DCN","PPAR","DEG",-0.188022171899347,-1.27122583957837,0.00610575121046428,"NO"
"218","DCN","Estrogen","DEG",-0.188022171899347,-1.27122583957837,0.00610575121046428,"NO"
"219","DDIT4L","Androgen","DEG",0.716754079749823,0.587743144162443,0.00610575121046428,"NO"
"220","DDIT4L","Thyroid","DEG",0.716754079749823,0.587743144162443,0.00610575121046428,"NO"
"221","DES","Thyroid","DEG",-0.0709773395562318,-0.749341118793084,0.0297055929586817,"NO"
"222","DES","Progesterone","DEG",-0.0709773395562318,-0.749341118793084,0.0297055929586817,"NO"
"223","DHRS2","Retinoic","DEG",0.0642907879822127,-0.609808461414797,0.0354105101310009,"NO"
"224","DHRS2","Estrogen","DEG",0.0642907879822127,-0.609808461414797,0.0354105101310009,"NO"
"231","DKK1","Estrogen","DEG",-0.526828026118269,-1.11058230311558,0.0239090755665099,"NO"
"232","DKK1","Retinoic","DEG",-0.526828026118269,-1.11058230311558,0.0239090755665099,"NO"
"233","DKKL1","Retinoic","DEG",0.202259340288256,0.553302818779032,0.0198513466710138,"NO"
"234","DKKL1","Androgen","DEG",0.202259340288256,0.553302818779032,0.0198513466710138,"NO"
"235","DKKL1","Progesterone","DEG",0.202259340288256,0.553302818779032,0.0198513466710138,"NO"
"236","DMRT3","Androgen","DEG",0.0533657487056807,1.00412269650762,0.0377572934650956,"NO"
"237","DMRT3","Estrogen","DEG",0.0533657487056807,1.00412269650762,0.0377572934650956,"NO"
"238","DNAJA4","PPAR","DEG",0.00813750611144551,-0.684412559635187,0.0184804085793337,"NO"
"239","DNAJA4","Estrogen","DEG",0.00813750611144551,-0.684412559635187,0.0184804085793337,"NO"
"240","DNAJA4","Thyroid","DEG",0.00813750611144551,-0.684412559635187,0.0184804085793337,"NO"
"241","DNM3OS","Progesterone","DEG",-0.650637518147545,-1.12271818090213,0.00446470312361637,"NO"
"242","DPF3","Thyroid","DEG",-0.312849811682775,-0.896524761335032,0.0101344038510078,"NO"
"243","DPYD","Estrogen","DEG",-0.419650915779804,-0.591270834998584,0.00525812971900212,"YES"
"244","DPYD","Thyroid","DEG",-0.419650915779804,-0.591270834998584,0.00525812971900212,"YES"
"245","DRD2","Thyroid","DEG",0.170673560788749,-0.657846670591523,0.0147116784345164,"YES"
"249","E2F3","Thyroid","PsychencodeTF",0.324620731855959,0.159544508015238,0.0299804833772516,"NO"
"256","EBF1","PPAR","PsychencodeTF&DEG",-0.0944789048831607,-0.594415264694554,0.0034617692200074,"NO"
"257","EBF1","Progesterone","PsychencodeTF&DEG",-0.0944789048831607,-0.594415264694554,0.0034617692200074,"NO"
"258","EBLN2","Estrogen","DEG",-0.596544403519355,-0.566983175159947,0.00597289294055474,"NO"
"259","EDNRA","Thyroid","DEG",-0.183450995287246,-1.51644564860499,0.000534755878262269,"YES"
"261","EFNA5","Thyroid","DEG",0.510440046202,-0.124554051449789,0.0120667406550169,"NO"
"262","EFNA5","Estrogen","DEG",0.510440046202,-0.124554051449789,0.0120667406550169,"NO"
"263","EFNA5","PPAR","DEG",0.510440046202,-0.124554051449789,0.0120667406550169,"NO"
"264","EFNB3","Estrogen","DEG",-0.13030254509344,-0.546455265587588,0.0015174870250371,"NO"
"265","EFNB3","Androgen","DEG",-0.13030254509344,-0.546455265587588,0.0015174870250371,"NO"
"266","EGF","Estrogen","DEG",-0.833542073649662,-0.342255916679542,0.0445673206164762,"NO"
"270","EMILIN1","Thyroid","DEG",0.32072501668959,-0.930676594908432,0.00157867400664463,"NO"
"271","EMILIN1","PPAR","DEG",0.32072501668959,-0.930676594908432,0.00157867400664463,"NO"
"272","ENG","Thyroid","DEG",-0.224592642806124,-0.554890941615859,0.0492228536300098,"NO"
"273","ENG","Corticoid","DEG",-0.224592642806124,-0.554890941615859,0.0492228536300098,"NO"
"274","EPHA7","Estrogen","DEG",0.652159567277465,0.308450202761532,0.0337283180941395,"YES"
"275","ESRRA","Estrogen","PsychencodeTF",0.198367347558817,0.484018034611833,0.00470250825474007,"NO"
"276","ESRRA","PPAR","PsychencodeTF",0.198367347558817,0.484018034611833,0.00470250825474007,"NO"
"277","ESRRA","Thyroid","PsychencodeTF",0.198367347558817,0.484018034611833,0.00470250825474007,"NO"
"278","FABP3","PPAR","DEG",-0.547946273996443,-0.508394794752759,0.00848437409960864,"YES"
"279","FABP7","PPAR","DEG",-0.584771732860321,-0.217145373315048,0.0313881338302605,"YES"
"280","FAM107A","Thyroid","DEG",-0.439795154875567,0.622949790193509,0.0149936706981429,"NO"
"281","FAM107A","Corticoid","DEG",-0.439795154875567,0.622949790193509,0.0149936706981429,"NO"
"282","FAM107A","Androgen","DEG",-0.439795154875567,0.622949790193509,0.0149936706981429,"NO"
"284","FAM183A","Thyroid","DEG",-0.14142429466422,0.594330259660008,0.0402444423535211,"NO"
"285","FAM83B","Estrogen","DEG",-0.962117509314738,0.254216471116469,0.0239090755665099,"NO"
"286","FBLN1","Thyroid","DEG",0.563728093706072,0.431424931465714,0.0273759069283273,"YES"
"287","FBLN1","Androgen","DEG",0.563728093706072,0.431424931465714,0.0273759069283273,"YES"
"288","FBLN5","Thyroid","DEG",0.0120755039420293,0.545254432997139,0.00539223729776914,"NO"
"289","FBLN5","Estrogen","DEG",0.0120755039420293,0.545254432997139,0.00539223729776914,"NO"
"290","FHDC1","Progesterone","DEG",0.545980727637518,0.183473388633874,0.0156549161254998,"NO"
"291","FHDC1","Androgen","DEG",0.545980727637518,0.183473388633874,0.0156549161254998,"NO"
"292","FHDC1","PPAR","DEG",0.545980727637518,0.183473388633874,0.0156549161254998,"NO"
"293","FHDC1","Corticoid","DEG",0.545980727637518,0.183473388633874,0.0156549161254998,"NO"
"294","FHDC1","Estrogen","DEG",0.545980727637518,0.183473388633874,0.0156549161254998,"NO"
"300","FOXO3","Estrogen","PsychencodeTF",0.267809109723838,0.186411248646459,0.00134154704068129,"NO"
"301","FOXO3","Progesterone","PsychencodeTF",0.267809109723838,0.186411248646459,0.00134154704068129,"NO"
"302","FOXO3","Corticoid","PsychencodeTF",0.267809109723838,0.186411248646459,0.00134154704068129,"NO"
"308","FOXP2","Androgen","PsychencodeTF&DEG",-0.57048773444805,0.0392195110355539,0.0495748997851194,"YES"
"309","FRZB","Thyroid","DEG",0.0364910942196361,0.715110970585281,0.0497089609382218,"NO"
"310","FSD2","PPAR","DEG",-0.483127665684022,-0.768742720144878,0.000574804829851546,"NO"
"311","FST","Thyroid","DEG",-0.237767657546272,-0.787145597561572,0.00678189371689091,"NO"
"312","FST","Progesterone","DEG",-0.237767657546272,-0.787145597561572,0.00678189371689091,"NO"
"314","GAD2","PPAR","DEG",0.493754604895527,1.08599202135316,0.0379362264293274,"YES"
"315","GAR1","Thyroid","DEG",0.528531735403872,0.648477841657875,0.034571319189588,"NO"
"317","GK3P","Estrogen","DEG",-1.00989726403079,-1.09910043051502,0.0187559837064408,"NO"
"319","GLYCTK","PPAR","DEG",-0.562165613177689,-0.607612845073322,0.000323985735078871,"NO"
"320","GLYCTK","Estrogen","DEG",-0.562165613177689,-0.607612845073322,0.000323985735078871,"NO"
"321","GOLGA7B","PPAR","DEG",-0.20746166172979,-0.612727236770675,0.0303815919909004,"NO"
"322","GOLGA8A","Thyroid","DEG",-0.425477365404927,-0.54247695500467,0.00079778918084412,"NO"
"323","GOLGA8A","PPAR","DEG",-0.425477365404927,-0.54247695500467,0.00079778918084412,"NO"
"324","GOLGA8B","PPAR","DEG",-0.487325847839458,-0.59904953777438,0.000534755878262269,"YES"
"325","GOLGA8B","Thyroid","DEG",-0.487325847839458,-0.59904953777438,0.000534755878262269,"YES"
"326","GPNMB","Estrogen","DEG",-0.228699922377794,0.564383590622833,0.00141749757330694,"NO"
"327","GPNMB","Thyroid","DEG",-0.228699922377794,0.564383590622833,0.00141749757330694,"NO"
"328","GPNMB","PPAR","DEG",-0.228699922377794,0.564383590622833,0.00141749757330694,"NO"
"329","GPR182","Thyroid","DEG",-0.711748182198088,-1.03011268056562,0.0172480139569407,"NO"
"330","GPR182","PPAR","DEG",-0.711748182198088,-1.03011268056562,0.0172480139569407,"NO"
"331","GPR82","Thyroid","DEG",-0.518135060839304,-0.807786095142643,0.0316776880399385,"NO"
"335","GRB14","Thyroid","DEG",-0.515442522941511,-0.0218124856126687,0.0487654624533458,"NO"
"336","GRB14","Estrogen","DEG",-0.515442522941511,-0.0218124856126687,0.0487654624533458,"NO"
"337","GRB14","Corticoid","DEG",-0.515442522941511,-0.0218124856126687,0.0487654624533458,"NO"
"338","GRB14","PPAR","DEG",-0.515442522941511,-0.0218124856126687,0.0487654624533458,"NO"
"339","GRB14","Progesterone","DEG",-0.515442522941511,-0.0218124856126687,0.0487654624533458,"NO"
"340","GREM1","Thyroid","DEG",-0.166163090941713,-1.83763548416877,0.0018709763968082,"NO"
"341","GRHL1","PPAR","PsychencodeTF",-0.17600581694507,-0.348999837665927,0.0372722818935804,"NO"
"342","GRHL1","Estrogen","PsychencodeTF",-0.17600581694507,-0.348999837665927,0.0372722818935804,"NO"
"343","GRHL1","Corticoid","PsychencodeTF",-0.17600581694507,-0.348999837665927,0.0372722818935804,"NO"
"344","GRHL1","Thyroid","PsychencodeTF",-0.17600581694507,-0.348999837665927,0.0372722818935804,"NO"
"345","GRHL3","Estrogen","DEG",-0.530398433010649,-0.984098821839543,0.0473804622750479,"NO"
"346","GRHL3","Retinoic","DEG",-0.530398433010649,-0.984098821839543,0.0473804622750479,"NO"
"347","H19","Estrogen","DEG",-0.343241678838916,-0.999636781182221,0.0087049194877047,"NO"
"348","H19","PPAR","DEG",-0.343241678838916,-0.999636781182221,0.0087049194877047,"NO"
"349","H19","Retinoic","DEG",-0.343241678838916,-0.999636781182221,0.0087049194877047,"NO"
"350","H1F0","Corticoid","DEG",0.362721867589925,0.755919131938467,0.00419545106504913,"NO"
"351","H1F0","Estrogen","DEG",0.362721867589925,0.755919131938467,0.00419545106504913,"NO"
"352","H1F0","PPAR","DEG",0.362721867589925,0.755919131938467,0.00419545106504913,"NO"
"353","H1F0","Retinoic","DEG",0.362721867589925,0.755919131938467,0.00419545106504913,"NO"
"354","H1FX","Estrogen","DEG",0.439168600824731,0.518360863417708,0.00082138809680567,"NO"
"355","H1FX","Progesterone","DEG",0.439168600824731,0.518360863417708,0.00082138809680567,"NO"
"356","H2AFX","Corticoid","DEG",0.591783350382836,0.625660509217545,0.00933137749159509,"NO"
"357","H2AFX","Androgen","DEG",0.591783350382836,0.625660509217545,0.00933137749159509,"NO"
"358","H2AFX","Estrogen","DEG",0.591783350382836,0.625660509217545,0.00933137749159509,"NO"
"359","HAP1","Thyroid","DEG",-0.600276670624907,-0.291344216268987,0.0343567908389117,"NO"
"360","HES6","Estrogen","DEG",0.310443240151217,0.519036621920379,0.00783061595606716,"NO"
"361","HES6","PPAR","DEG",0.310443240151217,0.519036621920379,0.00783061595606716,"NO"
"362","HES6","Corticoid","DEG",0.310443240151217,0.519036621920379,0.00783061595606716,"NO"
"363","HES6","Thyroid","DEG",0.310443240151217,0.519036621920379,0.00783061595606716,"NO"
"364","HES6","Androgen","DEG",0.310443240151217,0.519036621920379,0.00783061595606716,"NO"
"370","HMBOX1","Androgen","PsychencodeTF",-0.16766682765602,-0.244103744310247,0.0328401960770191,"YES"
"371","HRC","Estrogen","DEG",-0.877256639233387,-1.18501646809886,0.00246176936126513,"NO"
"372","HS3ST2","PPAR","DEG",0.891846837248942,0.236085786581493,0.0257042382730993,"NO"
"373","HS3ST3A1","PPAR","DEG",0.567522356595309,0.0255630269456754,0.0242565598550736,"NO"
"374","HS3ST3A1","Retinoic","DEG",0.567522356595309,0.0255630269456754,0.0242565598550736,"NO"
"375","HSF1","Estrogen","PsychencodeTF",0.00802310130249666,0.145860394938002,0.0257237603788612,"NO"
"376","HSPB1","Corticoid","DEG",0.22004178138249,0.510704373200371,0.00270028914780575,"NO"
"377","HSPB1","Estrogen","DEG",0.22004178138249,0.510704373200371,0.00270028914780575,"NO"
"378","HSPB1","Androgen","DEG",0.22004178138249,0.510704373200371,0.00270028914780575,"NO"
"379","HSPB1","Thyroid","DEG",0.22004178138249,0.510704373200371,0.00270028914780575,"NO"
"380","HSPB1","Progesterone","DEG",0.22004178138249,0.510704373200371,0.00270028914780575,"NO"
"381","HSPB1","PPAR","DEG",0.22004178138249,0.510704373200371,0.00270028914780575,"NO"
"384","ID1","Retinoic","PsychencodeTF&DEG",0.585873456649562,0.455182340930405,0.0111299048497952,"NO"
"385","ID1","Androgen","PsychencodeTF&DEG",0.585873456649562,0.455182340930405,0.0111299048497952,"NO"
"386","ID1","Thyroid","PsychencodeTF&DEG",0.585873456649562,0.455182340930405,0.0111299048497952,"NO"
"387","ID1","Corticoid","PsychencodeTF&DEG",0.585873456649562,0.455182340930405,0.0111299048497952,"NO"
"388","ID1","PPAR","PsychencodeTF&DEG",0.585873456649562,0.455182340930405,0.0111299048497952,"NO"
"389","ID1","Estrogen","PsychencodeTF&DEG",0.585873456649562,0.455182340930405,0.0111299048497952,"NO"
"390","ID1","Progesterone","PsychencodeTF&DEG",0.585873456649562,0.455182340930405,0.0111299048497952,"NO"
"391","ID3","Retinoic","DEG",0.562627714483292,0.279668963530445,0.00610575121046428,"NO"
"392","ID3","Thyroid","DEG",0.562627714483292,0.279668963530445,0.00610575121046428,"NO"
"393","ID3","Corticoid","DEG",0.562627714483292,0.279668963530445,0.00610575121046428,"NO"
"394","ID3","PPAR","DEG",0.562627714483292,0.279668963530445,0.00610575121046428,"NO"
"395","ID3","Progesterone","DEG",0.562627714483292,0.279668963530445,0.00610575121046428,"NO"
"396","ID3","Estrogen","DEG",0.562627714483292,0.279668963530445,0.00610575121046428,"NO"
"397","IFIT2","Thyroid","DEG",-0.487161413093792,-0.698108953642981,0.0322382009343235,"NO"
"398","IFIT2","Androgen","DEG",-0.487161413093792,-0.698108953642981,0.0322382009343235,"NO"
"399","IFIT2","Progesterone","DEG",-0.487161413093792,-0.698108953642981,0.0322382009343235,"NO"
"400","IFIT2","Estrogen","DEG",-0.487161413093792,-0.698108953642981,0.0322382009343235,"NO"
"401","IGDCC3","Estrogen","DEG",-0.408062350921549,-0.631381359620707,0.0334588216734366,"NO"
"402","IGSF21","Retinoic","DEG",0.48237729525361,0.603077124740883,0.0312095652520264,"NO"
"406","INE1","Androgen","DEG",-0.404687376683847,-0.545315515639526,0.0227923807603651,"NO"
"407","ISL1","Estrogen","DEG",0.511871626143267,-0.127918435790856,0.0237644463235054,"NO"
"408","ISL1","Corticoid","DEG",0.511871626143267,-0.127918435790856,0.0237644463235054,"NO"
"411","JUND","Corticoid","PsychencodeTF",0.316855271225719,0.373091197321338,0.0313881338302605,"NO"
"412","JUND","Estrogen","PsychencodeTF",0.316855271225719,0.373091197321338,0.0313881338302605,"NO"
"413","JUND","Thyroid","PsychencodeTF",0.316855271225719,0.373091197321338,0.0313881338302605,"NO"
"417","KCNJ6","PPAR","DEG",-0.546037454353466,-0.080912450167666,0.00785643103534205,"NO"
"418","KCNMA1","Thyroid","DEG",-0.658191306277336,-0.33457105881181,0.00365416453688898,"YES"
"419","KDM6B","Thyroid","DEG",0.284401937468137,0.540849688599816,0.00709214019357763,"YES"
"420","KDM6B","Estrogen","DEG",0.284401937468137,0.540849688599816,0.00709214019357763,"YES"
"421","KDM6B","PPAR","DEG",0.284401937468137,0.540849688599816,0.00709214019357763,"YES"
"422","KIRREL3","Thyroid","DEG",-0.0607707707788704,-0.514715235931321,0.0175908790360801,"YES"
"423","KLB","Thyroid","DEG",-0.35979964694198,-0.643872207045356,0.0277512629434646,"NO"
"424","KLB","PPAR","DEG",-0.35979964694198,-0.643872207045356,0.0277512629434646,"NO"
"425","KLF16","Retinoic","PsychencodeTF",0.342305269040887,0.497622050627645,0.029454171053968,"YES"
"426","KLF16","Thyroid","PsychencodeTF",0.342305269040887,0.497622050627645,0.029454171053968,"YES"
"427","KLF3","PPAR","PsychencodeTF",0.288672190367931,0.215940412477141,0.0274444007155934,"NO"
"428","KLF3","Estrogen","PsychencodeTF",0.288672190367931,0.215940412477141,0.0274444007155934,"NO"
"429","KLF9","Progesterone","PsychencodeTF",0.128777406954011,-0.395840239737478,0.0124797794290657,"NO"
"430","KLF9","Thyroid","PsychencodeTF",0.128777406954011,-0.395840239737478,0.0124797794290657,"NO"
"431","KLF9","Corticoid","PsychencodeTF",0.128777406954011,-0.395840239737478,0.0124797794290657,"NO"
"432","KLF9","Androgen","PsychencodeTF",0.128777406954011,-0.395840239737478,0.0124797794290657,"NO"
"433","KRT18","Progesterone","DEG",0.20628226706473,0.588369305254206,0.00106699356104667,"NO"
"434","KRT18","Thyroid","DEG",0.20628226706473,0.588369305254206,0.00106699356104667,"NO"
"435","KRT18","Estrogen","DEG",0.20628226706473,0.588369305254206,0.00106699356104667,"NO"
"436","KRT18","Corticoid","DEG",0.20628226706473,0.588369305254206,0.00106699356104667,"NO"
"437","KRT8","PPAR","DEG",0.401864564697718,0.719044774381668,0.00164487997582941,"NO"
"438","KRT8","Estrogen","DEG",0.401864564697718,0.719044774381668,0.00164487997582941,"NO"
"439","KRT8","Thyroid","DEG",0.401864564697718,0.719044774381668,0.00164487997582941,"NO"
"440","KRT8","Androgen","DEG",0.401864564697718,0.719044774381668,0.00164487997582941,"NO"
"441","KRT8","Corticoid","DEG",0.401864564697718,0.719044774381668,0.00164487997582941,"NO"
"442","LGALS1","Estrogen","DEG",-0.0146357910287754,-0.569204461557846,0.0320806560799287,"NO"
"443","LGALS1","PPAR","DEG",-0.0146357910287754,-0.569204461557846,0.0320806560799287,"NO"
"444","LGALS1","Androgen","DEG",-0.0146357910287754,-0.569204461557846,0.0320806560799287,"NO"
"445","LGALS1","Thyroid","DEG",-0.0146357910287754,-0.569204461557846,0.0320806560799287,"NO"
"446","LGALS1","Progesterone","DEG",-0.0146357910287754,-0.569204461557846,0.0320806560799287,"NO"
"447","LGALS1","Retinoic","DEG",-0.0146357910287754,-0.569204461557846,0.0320806560799287,"NO"
"448","LGALS3","Progesterone","DEG",-0.128899387801997,0.609277304948183,0.00309263272499865,"NO"
"449","LGALS3","PPAR","DEG",-0.128899387801997,0.609277304948183,0.00309263272499865,"NO"
"450","LGALS3","Androgen","DEG",-0.128899387801997,0.609277304948183,0.00309263272499865,"NO"
"451","LGALS3","Thyroid","DEG",-0.128899387801997,0.609277304948183,0.00309263272499865,"NO"
"458","LPL","Estrogen","DEG",0.491314262627829,0.498510043575508,0.0158553123886704,"NO"
"459","LPL","PPAR","DEG",0.491314262627829,0.498510043575508,0.0158553123886704,"NO"
"460","LPL","Progesterone","DEG",0.491314262627829,0.498510043575508,0.0158553123886704,"NO"
"461","LPL","Retinoic","DEG",0.491314262627829,0.498510043575508,0.0158553123886704,"NO"
"462","LPL","Corticoid","DEG",0.491314262627829,0.498510043575508,0.0158553123886704,"NO"
"463","LPL","Thyroid","DEG",0.491314262627829,0.498510043575508,0.0158553123886704,"NO"
"464","LSM10","Progesterone","DEG",0.480359842883233,0.940157242278284,0.0295274623508717,"NO"
"465","LSM10","PPAR","DEG",0.480359842883233,0.940157242278284,0.0295274623508717,"NO"
"466","LSM10","Estrogen","DEG",0.480359842883233,0.940157242278284,0.0295274623508717,"NO"
"467","LSM10","Androgen","DEG",0.480359842883233,0.940157242278284,0.0295274623508717,"NO"
"468","LSM10","Corticoid","DEG",0.480359842883233,0.940157242278284,0.0295274623508717,"NO"
"469","LSM10","Thyroid","DEG",0.480359842883233,0.940157242278284,0.0295274623508717,"NO"
"470","LUM","Androgen","DEG",-0.507439692338041,-1.44119271180729,0.00153913915653368,"NO"
"471","LUM","PPAR","DEG",-0.507439692338041,-1.44119271180729,0.00153913915653368,"NO"
"472","LUM","Thyroid","DEG",-0.507439692338041,-1.44119271180729,0.00153913915653368,"NO"
"473","LUM","Progesterone","DEG",-0.507439692338041,-1.44119271180729,0.00153913915653368,"NO"
"476","MAP1S","Thyroid","DEG",0.476834332563447,0.616833086919475,0.000528217557308281,"NO"
"477","MAP3K5","Thyroid","DEG",-0.00902271615123331,-0.541480651294212,0.00300018337996996,"NO"
"478","MAP3K5","Estrogen","DEG",-0.00902271615123331,-0.541480651294212,0.00300018337996996,"NO"
"479","MAP3K5","Retinoic","DEG",-0.00902271615123331,-0.541480651294212,0.00300018337996996,"NO"
"480","MAP3K5","Corticoid","DEG",-0.00902271615123331,-0.541480651294212,0.00300018337996996,"NO"
"481","MEF2C","Thyroid","PsychencodeTF",-0.0244277564561738,-0.319869370338206,0.0391610670511797,"YES"
"482","MEF2C","Corticoid","PsychencodeTF",-0.0244277564561738,-0.319869370338206,0.0391610670511797,"YES"
"483","MEF2C","PPAR","PsychencodeTF",-0.0244277564561738,-0.319869370338206,0.0391610670511797,"YES"
"484","METRN","Thyroid","DEG",0.644241602191328,0.549340339271685,0.0108409002069748,"NO"
"485","METRN","Retinoic","DEG",0.644241602191328,0.549340339271685,0.0108409002069748,"NO"
"486","METRN","Estrogen","DEG",0.644241602191328,0.549340339271685,0.0108409002069748,"NO"
"487","MFAP2","Estrogen","DEG",0.366644891915329,0.122791262673627,0.0105860303172066,"NO"
"488","MFAP2","PPAR","DEG",0.366644891915329,0.122791262673627,0.0105860303172066,"NO"
"489","MFAP2","Progesterone","DEG",0.366644891915329,0.122791262673627,0.0105860303172066,"NO"
"490","MGAT4C","PPAR","DEG",-0.102868831887314,-0.643309520058905,0.0239090755665099,"YES"
"491","MGP","Progesterone","DEG",-0.762739966870707,-1.62042704088065,0.0124797794290657,"NO"
"492","MGP","Estrogen","DEG",-0.762739966870707,-1.62042704088065,0.0124797794290657,"NO"
"493","MGP","Retinoic","DEG",-0.762739966870707,-1.62042704088065,0.0124797794290657,"NO"
"494","MGP","Thyroid","DEG",-0.762739966870707,-1.62042704088065,0.0124797794290657,"NO"
"495","MGP","PPAR","DEG",-0.762739966870707,-1.62042704088065,0.0124797794290657,"NO"
"496","MGP","Androgen","DEG",-0.762739966870707,-1.62042704088065,0.0124797794290657,"NO"
"502","MPZ","Thyroid","DEG",-0.762347736914744,-1.0897938427189,0.0109526060459043,"NO"
"503","MRPL12","Thyroid","DEG",0.515096073802244,0.85462463736436,0.0178394968256398,"NO"
"504","MRPL12","Progesterone","DEG",0.515096073802244,0.85462463736436,0.0178394968256398,"NO"
"507","MUSTN1","Thyroid","DEG",-0.557644309390601,-0.727518748633478,0.0179184188756097,"NO"
"508","MUSTN1","PPAR","DEG",-0.557644309390601,-0.727518748633478,0.0179184188756097,"NO"
"509","MYO7A","Thyroid","DEG",-0.639576287784323,-0.157307059749421,0.0124512358627232,"NO"
"510","MYRF","PPAR","DEG",-0.286073128108582,-0.571688493994786,0.0156743915663263,"NO"
"511","MYRF","Estrogen","DEG",-0.286073128108582,-0.571688493994786,0.0156743915663263,"NO"
"512","MYRF","Retinoic","DEG",-0.286073128108582,-0.571688493994786,0.0156743915663263,"NO"
"513","MYRF","Progesterone","DEG",-0.286073128108582,-0.571688493994786,0.0156743915663263,"NO"
"514","MZT2B","Thyroid","DEG",0.428369162797042,0.505957356835784,0.0167112104566836,"NO"
"518","NDUFS7","Estrogen","DEG",0.416357230539055,0.600994596835162,0.0171057297040959,"NO"
"519","NDUFS7","Thyroid","DEG",0.416357230539055,0.600994596835162,0.0171057297040959,"NO"
"520","NEAT1","Progesterone","DEG",-0.510552094880037,-0.46093857265185,0.0396135053251309,"NO"
"521","NEAT1","Androgen","DEG",-0.510552094880037,-0.46093857265185,0.0396135053251309,"NO"
"522","NEFL","Corticoid","DEG",0.17224824561444,-0.674960373302713,0.000117081046024042,"YES"
"523","NEGR1","PPAR","DEG",-0.0435226180913717,-0.542190550590349,0.00164879395586794,"YES"
"524","NEIL1","Estrogen","DEG",-0.133000476697795,-0.530218094983513,0.00309263272499865,"NO"
"526","NFE2L1","Thyroid","PsychencodeTF",0.0248099757865733,0.193026154691834,0.0193324560443889,"NO"
"527","NFE2L1","Corticoid","PsychencodeTF",0.0248099757865733,0.193026154691834,0.0193324560443889,"NO"
"528","NFE2L1","Androgen","PsychencodeTF",0.0248099757865733,0.193026154691834,0.0193324560443889,"NO"
"529","NFE2L1","Retinoic","PsychencodeTF",0.0248099757865733,0.193026154691834,0.0193324560443889,"NO"
"530","NFE2L1","Estrogen","PsychencodeTF",0.0248099757865733,0.193026154691834,0.0193324560443889,"NO"
"531","NFE2L1","PPAR","PsychencodeTF",0.0248099757865733,0.193026154691834,0.0193324560443889,"NO"
"537","NKD2","Retinoic","DEG",-0.262834848570132,-0.844675245164736,0.0226793050219415,"NO"
"538","NKD2","Estrogen","DEG",-0.262834848570132,-0.844675245164736,0.0226793050219415,"NO"
"542","NQO1","Thyroid","DEG",0.18825517156082,0.598139621362394,0.00848403268924318,"NO"
"543","NQO1","Retinoic","DEG",0.18825517156082,0.598139621362394,0.00848403268924318,"NO"
"544","NQO1","PPAR","DEG",0.18825517156082,0.598139621362394,0.00848403268924318,"NO"
"545","NQO1","Estrogen","DEG",0.18825517156082,0.598139621362394,0.00848403268924318,"NO"
"546","NR1D2","Progesterone","PsychencodeTF",0.185273672893754,0.132422752842898,0.0110802969988135,"NO"
"547","NR1D2","Estrogen","PsychencodeTF",0.185273672893754,0.132422752842898,0.0110802969988135,"NO"
"548","NR1D2","Thyroid","PsychencodeTF",0.185273672893754,0.132422752842898,0.0110802969988135,"NO"
"549","NR1D2","Corticoid","PsychencodeTF",0.185273672893754,0.132422752842898,0.0110802969988135,"NO"
"550","NR2C1","Thyroid","PsychencodeTF",-0.233385652912258,-0.278303763025911,0.00889259014875534,"NO"
"551","NR2C1","Retinoic","PsychencodeTF",-0.233385652912258,-0.278303763025911,0.00889259014875534,"NO"
"552","NR3C2","Thyroid","PsychencodeTF",0.0251848831344553,0.309674349192996,0.00980355612381733,"YES"
"553","NR3C2","Corticoid","PsychencodeTF",0.0251848831344553,0.309674349192996,0.00980355612381733,"YES"
"554","NR5A2","Estrogen","PsychencodeTF&DEG",0.0928044130171977,-0.61992176564139,0.0335567144104761,"NO"
"555","NR5A2","Thyroid","PsychencodeTF&DEG",0.0928044130171977,-0.61992176564139,0.0335567144104761,"NO"
"556","NR6A1","Thyroid","PsychencodeTF&DEG",-0.248525302392695,-0.580927597128913,0.00459098859703784,"NO"
"557","NRBP2","PPAR","DEG",-0.503750158185751,-0.485009121865089,0.000203270232213033,"NO"
"558","NRBP2","Retinoic","DEG",-0.503750158185751,-0.485009121865089,0.000203270232213033,"NO"
"559","NRBP2","Androgen","DEG",-0.503750158185751,-0.485009121865089,0.000203270232213033,"NO"
"560","NRBP2","Corticoid","DEG",-0.503750158185751,-0.485009121865089,0.000203270232213033,"NO"
"561","NRBP2","Progesterone","DEG",-0.503750158185751,-0.485009121865089,0.000203270232213033,"NO"
"562","NRBP2","Estrogen","DEG",-0.503750158185751,-0.485009121865089,0.000203270232213033,"NO"
"569","NUDT13","Thyroid","DEG",-0.544551267113581,-0.527752483157113,0.0366384963034707,"NO"
"570","OGN","Thyroid","DEG",-0.163652616295894,-0.933801424490712,0.0134399319229003,"NO"
"571","OGN","PPAR","DEG",-0.163652616295894,-0.933801424490712,0.0134399319229003,"NO"
"572","OLFM3","Thyroid","DEG",0.514656950529577,0.17292364895133,0.00985638172346825,"YES"
"573","OLFM3","PPAR","DEG",0.514656950529577,0.17292364895133,0.00985638172346825,"YES"
"574","OLFML1","Thyroid","DEG",-0.614685879596943,-1.07848870575928,0.0117761858077858,"NO"
"576","ONECUT2","Thyroid","PsychencodeTF&DEG",0.0244117355028685,-0.639925659232928,0.00175934849593666,"NO"
"579","P2RX7","Estrogen","DEG",-0.17328863443941,-0.900516953259507,0.0160290087429754,"YES"
"580","P2RX7","Thyroid","DEG",-0.17328863443941,-0.900516953259507,0.0160290087429754,"YES"
"581","P2RY14","Thyroid","DEG",-0.625015417104674,-1.0029096989946,0.0289595412706884,"NO"
"582","PABPC1L","Thyroid","DEG",-0.574583605984179,-0.321335910355615,0.0267133519501787,"NO"
"583","PAPPA","Corticoid","DEG",-0.476281992688163,-0.721919035467522,0.00549307939186351,"NO"
"585","PCDH9","Estrogen","DEG",-0.353296480738318,-0.51191575411164,0.00061209823772461,"YES"
"588","PDIA2","Thyroid","DEG",-0.34175626539161,-0.578018871637952,0.0452010130150742,"NO"
"589","PDZD7","Estrogen","DEG",-0.419010933198252,-0.893453277672234,0.00198135890545229,"NO"
"590","PHGDH","Estrogen","DEG",0.338810620038813,0.531806914844318,0.000365068056502048,"NO"
"591","PHGDH","Thyroid","DEG",0.338810620038813,0.531806914844318,0.000365068056502048,"NO"
"593","PKMYT1","Estrogen","DEG",0.813205610892794,0.765920362345957,0.0110282186376626,"NO"
"594","PKMYT1","PPAR","DEG",0.813205610892794,0.765920362345957,0.0110282186376626,"NO"
"595","PKMYT1","Thyroid","DEG",0.813205610892794,0.765920362345957,0.0110282186376626,"NO"
"596","PLCE1","Thyroid","DEG",-0.532537814382793,0.0862193511865873,0.00164879395586794,"NO"
"597","PLCE1","PPAR","DEG",-0.532537814382793,0.0862193511865873,0.00164879395586794,"NO"
"598","PLCXD3","Estrogen","DEG",-0.127035460941804,-0.548821925221212,0.0133923073243061,"YES"
"599","PLIN4","Retinoic","DEG",-0.554226613794866,-0.706970012249201,0.00838034354937297,"NO"
"600","PLIN4","Androgen","DEG",-0.554226613794866,-0.706970012249201,0.00838034354937297,"NO"
"601","PLIN4","Progesterone","DEG",-0.554226613794866,-0.706970012249201,0.00838034354937297,"NO"
"602","PLIN4","Corticoid","DEG",-0.554226613794866,-0.706970012249201,0.00838034354937297,"NO"
"603","PLIN4","Thyroid","DEG",-0.554226613794866,-0.706970012249201,0.00838034354937297,"NO"
"604","PLIN4","PPAR","DEG",-0.554226613794866,-0.706970012249201,0.00838034354937297,"NO"
"605","PLXND1","Androgen","DEG",-0.164453869632421,-0.629994671421812,0.010700450763746,"NO"
"606","PODXL","Retinoic","DEG",-0.562134859117822,-0.0623724796072927,0.00172956086444894,"NO"
"607","PODXL","Estrogen","DEG",-0.562134859117822,-0.0623724796072927,0.00172956086444894,"NO"
"608","POSTN","Thyroid","DEG",-0.627172375605265,-2.49397346590605,0.000993791241006692,"NO"
"609","POSTN","PPAR","DEG",-0.627172375605265,-2.49397346590605,0.000993791241006692,"NO"
"610","POSTN","Estrogen","DEG",-0.627172375605265,-2.49397346590605,0.000993791241006692,"NO"
"611","POSTN","Progesterone","DEG",-0.627172375605265,-2.49397346590605,0.000993791241006692,"NO"
"612","POU4F2","Estrogen","PsychencodeTF&DEG",0.395518794467662,-0.657705154528868,0.0326658420302039,"NO"
"621","PRDM16","Thyroid","PsychencodeTF",0.243105999603711,0.431469420297398,0.0266221411414178,"NO"
"625","PROM2","Estrogen","DEG",-0.483278595216333,-0.548104224819031,0.00194806712180685,"NO"
"626","PROM2","Progesterone","DEG",-0.483278595216333,-0.548104224819031,0.00194806712180685,"NO"
"627","PRPH","Corticoid","DEG",0.0519558369991937,-0.952367580538563,0.00141749757330694,"NO"
"628","PTCH2","Thyroid","DEG",-1.07668020025538,-0.998660322871019,0.0165465205332872,"NO"
"629","PTGES","Estrogen","DEG",-0.415166087844605,-0.705848071889705,0.00119324661289048,"NO"
"630","PTGES","PPAR","DEG",-0.415166087844605,-0.705848071889705,0.00119324661289048,"NO"
"631","PTGES","Retinoic","DEG",-0.415166087844605,-0.705848071889705,0.00119324661289048,"NO"
"632","PTHLH","Progesterone","DEG",0.0736118858267713,1.11414706083453,0.0312195741289284,"NO"
"633","PTHLH","Estrogen","DEG",0.0736118858267713,1.11414706083453,0.0312195741289284,"NO"
"634","PTHLH","PPAR","DEG",0.0736118858267713,1.11414706083453,0.0312195741289284,"NO"
"642","RAB26","PPAR","DEG",-0.117866858854822,-0.684002747643874,0.0133923073243061,"NO"
"643","RABAC1","Estrogen","DEG",0.310941658278264,0.500480348660053,0.00925825084647579,"NO"
"644","RABAC1","Thyroid","DEG",0.310941658278264,0.500480348660053,0.00925825084647579,"NO"
"645","RABAC1","PPAR","DEG",0.310941658278264,0.500480348660053,0.00925825084647579,"NO"
"646","RABAC1","Progesterone","DEG",0.310941658278264,0.500480348660053,0.00925825084647579,"NO"
"647","RABAC1","Corticoid","DEG",0.310941658278264,0.500480348660053,0.00925825084647579,"NO"
"648","RAD52","Thyroid","DEG",-0.507115016201463,-0.469424028605952,0.00127908238295485,"NO"
"651","RBPMS","Thyroid","DEG",-0.170802792871547,-0.646108611308362,0.0114019217486277,"NO"
"652","RBPMS","Estrogen","DEG",-0.170802792871547,-0.646108611308362,0.0114019217486277,"NO"
"656","RELA","Androgen","PsychencodeTF",0.0428133461010799,0.13564191678651,0.04306753263541,"NO"
"657","RELA","Corticoid","PsychencodeTF",0.0428133461010799,0.13564191678651,0.04306753263541,"NO"
"658","RELA","PPAR","PsychencodeTF",0.0428133461010799,0.13564191678651,0.04306753263541,"NO"
"659","RELA","Thyroid","PsychencodeTF",0.0428133461010799,0.13564191678651,0.04306753263541,"NO"
"660","RELA","Progesterone","PsychencodeTF",0.0428133461010799,0.13564191678651,0.04306753263541,"NO"
"661","RERG","Thyroid","DEG",0.588381613494822,-0.3326037177879,0.0477650239405871,"NO"
"662","RERG","Estrogen","DEG",0.588381613494822,-0.3326037177879,0.0477650239405871,"NO"
"663","RFX5","Estrogen","PsychencodeTF",-0.149819885565329,-0.277358620409869,0.00806620323534747,"NO"
"664","RFX5","PPAR","PsychencodeTF",-0.149819885565329,-0.277358620409869,0.00806620323534747,"NO"
"665","RFX5","Retinoic","PsychencodeTF",-0.149819885565329,-0.277358620409869,0.00806620323534747,"NO"
"666","RGS10","Retinoic","DEG",0.162154383242674,-0.896529874124937,0.0372087758138121,"NO"
"667","RGS10","Estrogen","DEG",0.162154383242674,-0.896529874124937,0.0372087758138121,"NO"
"668","RGS10","Corticoid","DEG",0.162154383242674,-0.896529874124937,0.0372087758138121,"NO"
"669","RGS10","Thyroid","DEG",0.162154383242674,-0.896529874124937,0.0372087758138121,"NO"
"670","RGS10","PPAR","DEG",0.162154383242674,-0.896529874124937,0.0372087758138121,"NO"
"671","RGS10","Androgen","DEG",0.162154383242674,-0.896529874124937,0.0372087758138121,"NO"
"672","RHOF","PPAR","DEG",0.183625591734369,0.715971596045201,0.0185342185483846,"NO"
"673","RIBC2","Estrogen","DEG",-0.30659794902181,0.525694532265161,0.0113367525386081,"NO"
"674","RIBC2","Androgen","DEG",-0.30659794902181,0.525694532265161,0.0113367525386081,"NO"
"675","RMI2","Retinoic","DEG",0.505698979844483,0.136172371822889,0.0377572934650956,"NO"
"676","ROPN1L","Thyroid","DEG",-0.0843151757151438,0.850296654022096,0.0406559524664585,"NO"
"678","RPLP1","Estrogen","DEG",0.214123615207517,0.588863062648015,0.0416094244828986,"NO"
"679","RPLP1","Thyroid","DEG",0.214123615207517,0.588863062648015,0.0416094244828986,"NO"
"680","RPS15A","Thyroid","DEG",-0.318815835247253,-0.228663204982052,0.00517814756164758,"NO"
"684","RUNX1","Estrogen","DEG",0.389656553235118,-0.793374866099189,0.0262050751823174,"NO"
"685","S1PR3","Thyroid","DEG",0.207693462868085,0.801589013743214,0.00796247350056941,"NO"
"686","S1PR3","Corticoid","DEG",0.207693462868085,0.801589013743214,0.00796247350056941,"NO"
"687","S1PR3","Estrogen","DEG",0.207693462868085,0.801589013743214,0.00796247350056941,"NO"
"688","SALL4","Estrogen","DEG",-0.309178249333693,-0.914568963569872,0.0226152037311354,"NO"
"689","SAT1","Estrogen","DEG",-0.689759857996422,-0.218655655903328,0.00273697767710921,"NO"
"690","SAT1","Corticoid","DEG",-0.689759857996422,-0.218655655903328,0.00273697767710921,"NO"
"691","SAT1","Thyroid","DEG",-0.689759857996422,-0.218655655903328,0.00273697767710921,"NO"
"692","SAT1","Progesterone","DEG",-0.689759857996422,-0.218655655903328,0.00273697767710921,"NO"
"693","SAT1","Androgen","DEG",-0.689759857996422,-0.218655655903328,0.00273697767710921,"NO"
"694","SAT1","Retinoic","DEG",-0.689759857996422,-0.218655655903328,0.00273697767710921,"NO"
"695","SCIN","Androgen","DEG",-0.897438510116257,0.27397543697774,0.0396135053251309,"NO"
"696","SCIN","Estrogen","DEG",-0.897438510116257,0.27397543697774,0.0396135053251309,"NO"
"697","SEMA3A","Thyroid","DEG",-0.0832614838935333,-0.625372575063252,0.0251243056183106,"NO"
"698","SEMA3A","PPAR","DEG",-0.0832614838935333,-0.625372575063252,0.0251243056183106,"NO"
"699","SEMA3A","Estrogen","DEG",-0.0832614838935333,-0.625372575063252,0.0251243056183106,"NO"
"700","SEMA3E","Thyroid","DEG",0.142133965550698,-0.761620086207425,0.0115035439102171,"NO"
"701","SEMA3E","Progesterone","DEG",0.142133965550698,-0.761620086207425,0.0115035439102171,"NO"
"704","SERPINB9","Estrogen","DEG",0.0869893507823516,-0.885797797329849,0.00106699356104667,"NO"
"705","SERPINB9","Thyroid","DEG",0.0869893507823516,-0.885797797329849,0.00106699356104667,"NO"
"706","SERPINB9","PPAR","DEG",0.0869893507823516,-0.885797797329849,0.00106699356104667,"NO"
"711","SGK2","Estrogen","DEG",-0.558265594476453,-0.599522173567086,0.0435907121106919,"NO"
"712","SGK2","Thyroid","DEG",-0.558265594476453,-0.599522173567086,0.0435907121106919,"NO"
"713","SH3GL2","PPAR","DEG",-0.433489469014214,-0.810540400636312,0.012680517299392,"NO"
"714","SH3TC2","Estrogen","DEG",0.841960385598456,0.596740992388425,0.0209715799281685,"NO"
"715","SH3TC2","Retinoic","DEG",0.841960385598456,0.596740992388425,0.0209715799281685,"NO"
"716","SIDT1","Estrogen","DEG",-0.514667368632571,-0.899649779788102,0.0338330796217085,"NO"
"720","SLC16A6","PPAR","DEG",-0.241301797419799,0.575115807372489,0.000840179899651478,"NO"
"721","SLC16A6","Retinoic","DEG",-0.241301797419799,0.575115807372489,0.000840179899651478,"NO"
"722","SLC16A6","Estrogen","DEG",-0.241301797419799,0.575115807372489,0.000840179899651478,"NO"
"723","SLC16A6","Progesterone","DEG",-0.241301797419799,0.575115807372489,0.000840179899651478,"NO"
"724","SLC16A6","Thyroid","DEG",-0.241301797419799,0.575115807372489,0.000840179899651478,"NO"
"725","SLC16A6","Corticoid","DEG",-0.241301797419799,0.575115807372489,0.000840179899651478,"NO"
"726","SLC35F2","Estrogen","DEG",0.792904202481192,0.283140192749014,0.00150310843640361,"NO"
"727","SLC5A7","PPAR","DEG",-0.708741463265673,-2.17656473762325,0.00609397357273369,"NO"
"728","SLC6A1","Estrogen","DEG",-0.210675339002939,-0.578226378950014,0.002909871861664,"YES"
"729","SLC8A1","Estrogen","DEG",-0.584869014541011,-0.0984835120269058,0.00583628399148514,"YES"
"730","SLC9A4","Thyroid","DEG",-0.479547888351676,-0.644142094985993,0.0159060518454157,"NO"
"731","SMIM5","Estrogen","DEG",-0.774446309998392,-0.600871116147106,0.0140726293550013,"NO"
"736","SNAI1","Thyroid","PsychencodeTF&DEG",0.0545433234358656,-0.541419583116797,0.0120667406550169,"NO"
"737","SNAI1","PPAR","PsychencodeTF&DEG",0.0545433234358656,-0.541419583116797,0.0120667406550169,"NO"
"738","SNAI1","Progesterone","PsychencodeTF&DEG",0.0545433234358656,-0.541419583116797,0.0120667406550169,"NO"
"739","SNAI2","PPAR","PsychencodeTF&DEG",-0.135458250531502,-0.932039325864206,0.0237644463235054,"NO"
"740","SNAI2","Thyroid","PsychencodeTF&DEG",-0.135458250531502,-0.932039325864206,0.0237644463235054,"NO"
"741","SNAI2","Estrogen","PsychencodeTF&DEG",-0.135458250531502,-0.932039325864206,0.0237644463235054,"NO"
"744","SOD3","PPAR","DEG",0.0666950376034523,0.946597917240904,0.0450345100235673,"NO"
"745","SOD3","Thyroid","DEG",0.0666950376034523,0.946597917240904,0.0450345100235673,"NO"
"746","SOX10","Progesterone","PsychencodeTF&DEG",-0.711143777154578,-1.40890034865538,0.00253024755554853,"NO"
"752","SOX9","Androgen","PsychencodeTF",0.326612182076027,0.380690548528021,0.0224030541508607,"NO"
"753","SOX9","Estrogen","PsychencodeTF",0.326612182076027,0.380690548528021,0.0224030541508607,"NO"
"754","SOX9","Retinoic","PsychencodeTF",0.326612182076027,0.380690548528021,0.0224030541508607,"NO"
"755","SOX9","Thyroid","PsychencodeTF",0.326612182076027,0.380690548528021,0.0224030541508607,"NO"
"756","SOX9","Corticoid","PsychencodeTF",0.326612182076027,0.380690548528021,0.0224030541508607,"NO"
"757","SP5","Thyroid","PsychencodeTF&DEG",0.942261223074879,0.590563188917822,0.000534755878262269,"NO"
"758","SPARCL1","PPAR","DEG",0.285177702547413,-0.594964701334972,0.00144282402790166,"YES"
"759","SPARCL1","Estrogen","DEG",0.285177702547413,-0.594964701334972,0.00144282402790166,"YES"
"760","SPHKAP","Thyroid","DEG",-0.170851943788246,-1.50048676997207,0.00223279089791041,"NO"
"765","SREBF1","Retinoic","PsychencodeTF",0.0700592232221859,0.243214932303609,0.0108409002069748,"NO"
"766","SREBF1","Estrogen","PsychencodeTF",0.0700592232221859,0.243214932303609,0.0108409002069748,"NO"
"767","SREBF1","PPAR","PsychencodeTF",0.0700592232221859,0.243214932303609,0.0108409002069748,"NO"
"768","SREBF1","Corticoid","PsychencodeTF",0.0700592232221859,0.243214932303609,0.0108409002069748,"NO"
"769","SREBF1","Progesterone","PsychencodeTF",0.0700592232221859,0.243214932303609,0.0108409002069748,"NO"
"774","ST8SIA3","PPAR","DEG",0.135169044506443,-0.573175640001779,0.00164487997582941,"YES"
"775","STAG3L1","Estrogen","DEG",-0.685405683776369,-0.686129036643806,0.0169462503500667,"NO"
"776","STAT2","Thyroid","PsychencodeTF",-0.23953640075815,-0.231567077391035,0.0240047798203982,"YES"
"777","STAT2","Estrogen","PsychencodeTF",-0.23953640075815,-0.231567077391035,0.0240047798203982,"YES"
"783","STMN2","PPAR","DEG",-0.261519673648326,-0.504050013188064,0.00176502660369358,"NO"
"784","TAC3","Androgen","DEG",-0.961025977403657,0.353208822109523,0.0069184028725457,"NO"
"785","TACC3","Corticoid","DEG",0.652504603576135,0.727787430359096,0.0299304460635601,"NO"
"786","TACC3","Thyroid","DEG",0.652504603576135,0.727787430359096,0.0299304460635601,"NO"
"787","TACC3","Estrogen","DEG",0.652504603576135,0.727787430359096,0.0299304460635601,"NO"
"788","TACC3","Androgen","DEG",0.652504603576135,0.727787430359096,0.0299304460635601,"NO"
"789","TENM1","PPAR","DEG",-0.373330620379897,-0.578024151784242,0.00611519486325499,"NO"
"790","TENM3","Thyroid","DEG",0.569718274734729,0.436667973713896,0.00107252297327375,"YES"
"791","TFDP1","Retinoic","PsychencodeTF",0.201508021636873,0.190510995788071,0.0337283180941395,"NO"
"792","TFDP1","Corticoid","PsychencodeTF",0.201508021636873,0.190510995788071,0.0337283180941395,"NO"
"793","TFDP1","Estrogen","PsychencodeTF",0.201508021636873,0.190510995788071,0.0337283180941395,"NO"
"794","TFDP1","Thyroid","PsychencodeTF",0.201508021636873,0.190510995788071,0.0337283180941395,"NO"
"795","TFDP1","PPAR","PsychencodeTF",0.201508021636873,0.190510995788071,0.0337283180941395,"NO"
"796","TFPI","Estrogen","DEG",0.132745144675113,-0.570880792049009,0.0211046606803789,"NO"
"797","TFPI","Progesterone","DEG",0.132745144675113,-0.570880792049009,0.0211046606803789,"NO"
"798","TFPI","Retinoic","DEG",0.132745144675113,-0.570880792049009,0.0211046606803789,"NO"
"799","TFPI","Thyroid","DEG",0.132745144675113,-0.570880792049009,0.0211046606803789,"NO"
"800","TGFB2","Estrogen","DEG",0.666073998084611,0.538769869796921,0.0027001940758856,"NO"
"801","TGFB2","Thyroid","DEG",0.666073998084611,0.538769869796921,0.0027001940758856,"NO"
"802","TGFB2","Progesterone","DEG",0.666073998084611,0.538769869796921,0.0027001940758856,"NO"
"803","TGM1","Thyroid","DEG",-0.766146397741939,-0.65144800757696,0.023560157084707,"YES"
"804","TH","Corticoid","DEG",0.317341827487182,-0.566752171147801,0.00164487997582941,"YES"
"805","TH","Estrogen","DEG",0.317341827487182,-0.566752171147801,0.00164487997582941,"YES"
"806","THBS1","Progesterone","DEG",-0.558582022182618,-0.127540714333524,0.0316627215425681,"YES"
"807","THBS1","Androgen","DEG",-0.558582022182618,-0.127540714333524,0.0316627215425681,"YES"
"808","THBS1","Thyroid","DEG",-0.558582022182618,-0.127540714333524,0.0316627215425681,"YES"
"810","TLE2","Estrogen","DEG",-0.323516447597374,-0.822431505724464,0.026085166052587,"NO"
"811","TLE2","Retinoic","DEG",-0.323516447597374,-0.822431505724464,0.026085166052587,"NO"
"812","TM4SF1","Estrogen","DEG",0.53726292941247,-0.278085601702988,0.019974026622754,"NO"
"813","TM4SF1","Progesterone","DEG",0.53726292941247,-0.278085601702988,0.019974026622754,"NO"
"814","TM4SF1","Corticoid","DEG",0.53726292941247,-0.278085601702988,0.019974026622754,"NO"
"815","TMEFF2","Androgen","DEG",0.206760228888835,-0.602794875386714,0.000224932094635943,"YES"
"819","TNFRSF25","Thyroid","DEG",-0.611497409909829,-0.652058341237613,0.0163571299935814,"NO"
"820","TP73","PPAR","PsychencodeTF",-0.251723484815689,0.217289168073896,0.00130440556755736,"NO"
"821","TPGS1","Estrogen","DEG",1.31819098661005,1.24630695208178,0.0369402790372943,"NO"
"824","TRAPPC5","PPAR","DEG",0.581383265535418,0.593118708528309,0.0408613030437936,"NO"
"825","TRAPPC5","Estrogen","DEG",0.581383265535418,0.593118708528309,0.0408613030437936,"NO"
"826","TRIL","Estrogen","DEG",0.850296660742963,0.23815344476355,0.00187818503848571,"NO"
"827","TRIM22","PPAR","DEG",-0.689264518978677,-0.180216890007373,0.00357664318430071,"NO"
"828","TSNAXIP1","Androgen","DEG",-0.584588457167623,-0.352233789756161,0.0227099091022657,"NO"
"829","TTYH3","Thyroid","DEG",0.375147665772667,0.524040521297192,0.00769871500476951,"NO"
"830","TTYH3","Corticoid","DEG",0.375147665772667,0.524040521297192,0.00769871500476951,"NO"
"831","TVP23C","PPAR","DEG",-0.436529567710279,-0.585240766265119,0.00113639995561922,"NO"
"832","TWIST1","Thyroid","DEG",-0.0714762104482882,-1.39517291791241,0.0304693649306935,"NO"
"833","TXN2","Thyroid","DEG",0.238239199363567,0.541762322050727,0.0308631230305469,"NO"
"834","TYMS","PPAR","DEG",0.443327360350589,0.517562406018574,0.0396135053251309,"NO"
"835","TYMS","Progesterone","DEG",0.443327360350589,0.517562406018574,0.0396135053251309,"NO"
"836","TYMS","Thyroid","DEG",0.443327360350589,0.517562406018574,0.0396135053251309,"NO"
"837","TYMS","Corticoid","DEG",0.443327360350589,0.517562406018574,0.0396135053251309,"NO"
"838","TYMS","Estrogen","DEG",0.443327360350589,0.517562406018574,0.0396135053251309,"NO"
"842","USP6","Thyroid","DEG",-0.518301643815809,-0.493535842293208,0.026085166052587,"NO"
"843","VGF","PPAR","DEG",0.772946716568579,0.701722788753423,0.0135053494202163,"NO"
"844","VIPR2","Estrogen","DEG",-0.140742348888102,-0.777192125500756,0.00878281857264891,"NO"
"845","WFDC2","Thyroid","DEG",0.413385078796987,0.955957834124166,0.0225882180107447,"NO"
"846","WNT1","PPAR","DEG",0.423573429994129,-0.730590399935368,0.00812050501252125,"YES"
"847","WNT10B","Retinoic","DEG",-0.0680960625322322,-0.880285345087491,0.00640476628931998,"NO"
"848","WSB1","Thyroid","DEG",-0.562357615857009,-0.464497280436176,0.000365068056502048,"NO"
"849","WSB1","Androgen","DEG",-0.562357615857009,-0.464497280436176,0.000365068056502048,"NO"
"850","XDH","Thyroid","DEG",-0.532514049019781,-0.51573478956978,0.0144682100723212,"NO"
"851","XDH","Progesterone","DEG",-0.532514049019781,-0.51573478956978,0.0144682100723212,"NO"
"852","XDH","PPAR","DEG",-0.532514049019781,-0.51573478956978,0.0144682100723212,"NO"
"853","ZBTB7A","Androgen","PsychencodeTF",0.239967001466287,0.340341531511731,0.0496103882321382,"NO"
"855","ZFHX3","Thyroid","PsychencodeTF",0.11892834211551,-0.163301911055503,0.0312195741289284,"YES"
"856","ZNF219","PPAR","PsychencodeTF",0.252740077847568,0.250665936263086,0.0432884333364317,"YES"
"857","ZNF219","Thyroid","PsychencodeTF",0.252740077847568,0.250665936263086,0.0432884333364317,"YES"
