"","Gene","Pathway","Function","logFC.EXPO1X","logFC.EXPO1000X","FDR"
"1","A1BG","Estrogen","DEG",0.27037138246693,0.355094132946168,0.139810374255503
"2","A1BG","Thyroid","DEG",0.27037138246693,0.355094132946168,0.139810374255503
"3","ABCB1","Thyroid","DEG",0.135856985129205,0.0894094133458125,0.898799528097719
"4","ABCB1","Progesterone","DEG",0.135856985129205,0.0894094133458125,0.898799528097719
"5","ABCC9","Estrogen","DEG",-0.403909464484482,-0.502715872065733,0.0184806623276838
"6","ABCG1","Estrogen","DEG",-0.0202325000239512,0.06093500261999,0.702181584698148
"7","ABCG1","Thyroid","DEG",-0.0202325000239512,0.06093500261999,0.702181584698148
"8","ABCG1","Progesterone","DEG",-0.0202325000239512,0.06093500261999,0.702181584698148
"9","ABCG1","Androgen","DEG",-0.0202325000239512,0.06093500261999,0.702181584698148
"10","ABCG1","Corticoid","DEG",-0.0202325000239512,0.06093500261999,0.702181584698148
"11","ABCG1","PPAR","DEG",-0.0202325000239512,0.06093500261999,0.702181584698148
"12","ABLIM3","Androgen","DEG",-0.218519798686307,-0.525698080023211,0.0120667406550169
"13","ABLIM3","Estrogen","DEG",-0.218519798686307,-0.525698080023211,0.0120667406550169
"14","ACAN","PPAR","DEG",0.107609038310562,-1.5125853008852,0.00360745060998848
"15","ACRBP","Thyroid","DEG",-0.463221498139088,-0.777316533008405,0.0113367525386081
"16","ACTN2","Androgen","DEG",-0.454784701751081,-0.689801484576385,0.0378309269223369
"17","ADAM11","PPAR","DEG",-0.314349777108543,-0.748448016159188,0.000365068056502048
"18","ADAM11","Estrogen","DEG",-0.314349777108543,-0.748448016159188,0.000365068056502048
"19","ADAM11","Thyroid","DEG",-0.314349777108543,-0.748448016159188,0.000365068056502048
"20","ADAM12","Thyroid","DEG",-0.453247734523945,-1.13190117882912,0.000626329044586337
"21","ADAM20","Androgen","DEG",-0.680251683339829,-0.727917387697188,0.0143396356171099
"22","ADAM21","Androgen","DEG",-0.921885099340767,-1.19912864189894,0.00103269316847712
"23","ADGRL2","Estrogen","DEG",-0.0298275939718595,-0.604584580097358,0.00629381287410503
"24","ADGRL2","Retinoic","DEG",-0.0298275939718595,-0.604584580097358,0.00629381287410503
"25","ADGRL2","Corticoid","DEG",-0.0298275939718595,-0.604584580097358,0.00629381287410503
"26","ADGRL2","Thyroid","DEG",-0.0298275939718595,-0.604584580097358,0.00629381287410503
"27","AFAP1L2","Thyroid","DEG",0.292560379948256,-0.117650431004586,0.1015034944171
"28","AFAP1L2","Estrogen","DEG",0.292560379948256,-0.117650431004586,0.1015034944171
"29","AFAP1L2","PPAR","DEG",0.292560379948256,-0.117650431004586,0.1015034944171
"30","AKR1C2","Progesterone","DEG",-0.345391449967661,-0.583948903261972,0.0290154001636307
"31","AKR1C2","Androgen","DEG",-0.345391449967661,-0.583948903261972,0.0290154001636307
"32","ALS2CL","PPAR","DEG",-0.126959808827647,-0.352257852399043,0.141970052946522
"33","ALS2CL","Thyroid","DEG",-0.126959808827647,-0.352257852399043,0.141970052946522
"34","ANGPTL4","Corticoid","DEG",-0.195872056385937,0.607589383686611,0.000318287328206541
"35","ANGPTL4","PPAR","DEG",-0.195872056385937,0.607589383686611,0.000318287328206541
"36","ANGPTL4","Estrogen","DEG",-0.195872056385937,0.607589383686611,0.000318287328206541
"37","ANGPTL4","Thyroid","DEG",-0.195872056385937,0.607589383686611,0.000318287328206541
"38","ANKRD37","Estrogen","DEG",0.111606838644086,0.537055120560275,0.0278612170125493
"39","ANKRD37","Androgen","DEG",0.111606838644086,0.537055120560275,0.0278612170125493
"40","APOBEC2","Thyroid","DEG",-0.585092468553657,-0.710182021067935,0.0158417080342668
"41","APOE","Estrogen","DEG",0.479960059456929,0.70051114421665,0.0059439092813967
"42","APOE","Progesterone","DEG",0.479960059456929,0.70051114421665,0.0059439092813967
"43","APOE","Thyroid","DEG",0.479960059456929,0.70051114421665,0.0059439092813967
"44","APOE","PPAR","DEG",0.479960059456929,0.70051114421665,0.0059439092813967
"45","APOE","Retinoic","DEG",0.479960059456929,0.70051114421665,0.0059439092813967
"46","AR","Androgen","PsychencodeTF",0.382061409731406,-0.100862342985802,0.000408697952222762
"47","AR","Thyroid","PsychencodeTF",0.382061409731406,-0.100862342985802,0.000408697952222762
"48","AR","Estrogen","PsychencodeTF",0.382061409731406,-0.100862342985802,0.000408697952222762
"49","AR","Progesterone","PsychencodeTF",0.382061409731406,-0.100862342985802,0.000408697952222762
"50","ARID5B","Thyroid","PsychencodeTF",-0.160047172489159,0.0602731344640798,0.0662656318250569
"51","ARID5B","Corticoid","PsychencodeTF",-0.160047172489159,0.0602731344640798,0.0662656318250569
"52","ARID5B","PPAR","PsychencodeTF",-0.160047172489159,0.0602731344640798,0.0662656318250569
"53","ARID5B","Androgen","PsychencodeTF",-0.160047172489159,0.0602731344640798,0.0662656318250569
"54","ARID5B","Estrogen","PsychencodeTF",-0.160047172489159,0.0602731344640798,0.0662656318250569
"55","ARMCX4","Thyroid","DEG",-0.541263716045507,-0.595561456926151,0.000117081046024042
"56","ARNT2","Progesterone","PsychencodeTF",0.196113227514918,0.212381495046142,0.0224030541508607
"57","ARNT2","Estrogen","PsychencodeTF",0.196113227514918,0.212381495046142,0.0224030541508607
"58","ARNT2","Thyroid","PsychencodeTF",0.196113227514918,0.212381495046142,0.0224030541508607
"59","ARNT2","PPAR","PsychencodeTF",0.196113227514918,0.212381495046142,0.0224030541508607
"60","ARNTL","Androgen","PsychencodeTF",-0.0797387787214474,-0.196112877945694,0.227737278391561
"61","ARNTL","PPAR","PsychencodeTF",-0.0797387787214474,-0.196112877945694,0.227737278391561
"62","ARNTL","Estrogen","PsychencodeTF",-0.0797387787214474,-0.196112877945694,0.227737278391561
"63","ARNTL","Progesterone","PsychencodeTF",-0.0797387787214474,-0.196112877945694,0.227737278391561
"64","ARNTL","Corticoid","PsychencodeTF",-0.0797387787214474,-0.196112877945694,0.227737278391561
"65","ARNTL","Thyroid","PsychencodeTF",-0.0797387787214474,-0.196112877945694,0.227737278391561
"66","ARPP21","Estrogen","DEG",-0.374848983800243,-0.806378752854424,0.0198129271855625
"67","ATF5","Thyroid","PsychencodeTF",-0.00799578200739643,0.386456761534288,0.0325992578694302
"68","ATF5","Retinoic","PsychencodeTF",-0.00799578200739643,0.386456761534288,0.0325992578694302
"69","ATF5","Estrogen","PsychencodeTF",-0.00799578200739643,0.386456761534288,0.0325992578694302
"70","ATF5","Corticoid","PsychencodeTF",-0.00799578200739643,0.386456761534288,0.0325992578694302
"71","ATF5","PPAR","PsychencodeTF",-0.00799578200739643,0.386456761534288,0.0325992578694302
"72","ATG9B","PPAR","DEG",-0.549169640341461,-0.0904593331446291,0.0397295726220233
"73","ATG9B","Thyroid","DEG",-0.549169640341461,-0.0904593331446291,0.0397295726220233
"74","BCAT1","Progesterone","DEG",-0.0561520093184085,0.15788244479958,0.0602591357092784
"75","BCL11B","Estrogen","PsychencodeTF",0.302632587606205,0.358690507925577,0.0168330490287992
"76","BCL6","Progesterone","PsychencodeTF",-0.0442185128121117,-0.0140520809574719,0.924192719116034
"77","BCL6","Thyroid","PsychencodeTF",-0.0442185128121117,-0.0140520809574719,0.924192719116034
"78","BCL6","PPAR","PsychencodeTF",-0.0442185128121117,-0.0140520809574719,0.924192719116034
"79","BCO1","Thyroid","DEG",-0.117743368060145,0.549212553088567,0.0329167482637771
"80","BEAN1","Estrogen","DEG",-0.494740571201158,-0.692416386587935,0.0136364924143463
"81","BGN","Thyroid","DEG",0.522504334339862,-0.146251504126308,0.0539465124030125
"82","BGN","PPAR","DEG",0.522504334339862,-0.146251504126308,0.0539465124030125
"83","BGN","Progesterone","DEG",0.522504334339862,-0.146251504126308,0.0539465124030125
"84","BMP2","Corticoid","DEG",0.10897939074358,0.0458706353995599,0.918638171064906
"85","BMP2","Estrogen","DEG",0.10897939074358,0.0458706353995599,0.918638171064906
"86","BMPER","Thyroid","DEG",-0.170773830641646,-1.00046712374517,0.0337769482573724
"87","BMPER","Estrogen","DEG",-0.170773830641646,-1.00046712374517,0.0337769482573724
"88","BMPER","Retinoic","DEG",-0.170773830641646,-1.00046712374517,0.0337769482573724
"89","BNC2","Androgen","DEG",-0.162343361306179,-0.997317188949141,0.00743214564780831
"90","BRD3","PPAR","DEG",0.492718962897705,0.589662449173081,0.0152055342752791
"91","BRD3","Corticoid","DEG",0.492718962897705,0.589662449173081,0.0152055342752791
"92","BRINP3","Retinoic","DEG",-0.880345467969379,-0.313432903090704,0.042266792805655
"93","C1QTNF7","Thyroid","DEG",-0.781850005964527,-1.01474193650497,0.00334633238570132
"94","C4orf19","Thyroid","DEG",0.0374948774273088,0.622008458332561,0.00345485450179155
"95","C4orf19","Androgen","DEG",0.0374948774273088,0.622008458332561,0.00345485450179155
"96","C4orf48","Thyroid","DEG",1.00296175477924,1.13868814058214,0.0221409206971639
"97","C4orf48","Progesterone","DEG",1.00296175477924,1.13868814058214,0.0221409206971639
"98","CA13","Thyroid","DEG",-0.330024624990828,-0.590366492756576,0.0287009687999792
"99","CALB1","Estrogen","DEG",0.615933590365786,0.259355927342253,0.0124797794290657
"100","CALB1","Progesterone","DEG",0.615933590365786,0.259355927342253,0.0124797794290657
"101","CALB2","Estrogen","DEG",-0.00446255864007065,-1.26001199223954,0.000203270232213033
"102","CAPG","Thyroid","DEG",-0.249669598425761,-0.0293059666362426,0.703736468957214
"103","CAPG","Corticoid","DEG",-0.249669598425761,-0.0293059666362426,0.703736468957214
"104","CAPG","Estrogen","DEG",-0.249669598425761,-0.0293059666362426,0.703736468957214
"105","CAPG","Progesterone","DEG",-0.249669598425761,-0.0293059666362426,0.703736468957214
"106","CAPG","Androgen","DEG",-0.249669598425761,-0.0293059666362426,0.703736468957214
"107","CBLN2","Thyroid","DEG",-0.0420123053469026,-0.56658907262171,0.00448649464565417
"108","CCDC124","Thyroid","DEG",0.420711536468938,0.535296957996334,0.0185342185483846
"109","CCDC124","PPAR","DEG",0.420711536468938,0.535296957996334,0.0185342185483846
"110","CCDC136","Thyroid","DEG",-0.390163820634222,-0.512032924420048,0.000115652320415034
"111","CCDC170","PPAR","DEG",0.074931265651624,0.76570011117157,0.034593319586132
"112","CCDC85B","Thyroid","DEG",0.98394542808839,1.02977125591527,0.0103853940831626
"113","CCDC85B","Estrogen","DEG",0.98394542808839,1.02977125591527,0.0103853940831626
"114","CCDC85B","PPAR","DEG",0.98394542808839,1.02977125591527,0.0103853940831626
"115","CCDC86","Androgen","DEG",0.289129013881499,0.54230868306167,0.0159389529439372
"116","CCDC86","Progesterone","DEG",0.289129013881499,0.54230868306167,0.0159389529439372
"117","CCDC86","Thyroid","DEG",0.289129013881499,0.54230868306167,0.0159389529439372
"118","CCDC86","Corticoid","DEG",0.289129013881499,0.54230868306167,0.0159389529439372
"119","CCDC86","Estrogen","DEG",0.289129013881499,0.54230868306167,0.0159389529439372
"120","CD74","Retinoic","DEG",0.0365941879882895,-0.397956361589273,0.233516644494659
"121","CD74","Estrogen","DEG",0.0365941879882895,-0.397956361589273,0.233516644494659
"122","CD74","PPAR","DEG",0.0365941879882895,-0.397956361589273,0.233516644494659
"123","CD74","Thyroid","DEG",0.0365941879882895,-0.397956361589273,0.233516644494659
"124","CEBPB","Thyroid","PsychencodeTF&DEG",0.59112746171814,0.580468031493807,0.0175515259034779
"125","CEBPB","Androgen","PsychencodeTF&DEG",0.59112746171814,0.580468031493807,0.0175515259034779
"126","CEBPB","Corticoid","PsychencodeTF&DEG",0.59112746171814,0.580468031493807,0.0175515259034779
"127","CEBPB","Progesterone","PsychencodeTF&DEG",0.59112746171814,0.580468031493807,0.0175515259034779
"128","CEBPB","Retinoic","PsychencodeTF&DEG",0.59112746171814,0.580468031493807,0.0175515259034779
"129","CEBPB","PPAR","PsychencodeTF&DEG",0.59112746171814,0.580468031493807,0.0175515259034779
"130","CEBPB","Estrogen","PsychencodeTF&DEG",0.59112746171814,0.580468031493807,0.0175515259034779
"131","CEBPD","Progesterone","PsychencodeTF",0.108434798434517,0.0929276781842397,0.945237907444192
"132","CEBPD","Corticoid","PsychencodeTF",0.108434798434517,0.0929276781842397,0.945237907444192
"133","CEBPD","Retinoic","PsychencodeTF",0.108434798434517,0.0929276781842397,0.945237907444192
"134","CEBPZ","Estrogen","PsychencodeTF",0.0767477241455026,-0.00865744174384,0.216149678388787
"135","CEL","Estrogen","DEG",-0.842467761686196,-0.295625072796856,0.0035486128610924
"136","CEL","Thyroid","DEG",-0.842467761686196,-0.295625072796856,0.0035486128610924
"137","CENPA","Progesterone","DEG",0.55724182373281,0.447381887892277,0.0267133519501787
"138","CENPA","Thyroid","DEG",0.55724182373281,0.447381887892277,0.0267133519501787
"139","CENPB","Progesterone","PsychencodeTF",0.0997016216463671,0.221288092777923,0.0170637621250047
"140","CENPB","Thyroid","PsychencodeTF",0.0997016216463671,0.221288092777923,0.0170637621250047
"141","CENPB","PPAR","PsychencodeTF",0.0997016216463671,0.221288092777923,0.0170637621250047
"142","CHST9","PPAR","DEG",0.124425752398506,-0.875916589142892,0.0211046606803789
"143","CLEC18B","PPAR","DEG",-0.41455256866648,-0.701224822727199,0.032550269507185
"144","CNN1","Progesterone","DEG",-0.477752798180282,-0.737184263054846,0.0236011533662439
"145","COL12A1","Estrogen","DEG",-0.57706816998572,-2.00465748908153,0.000528217557308281
"146","COL12A1","Thyroid","DEG",-0.57706816998572,-2.00465748908153,0.000528217557308281
"147","COL14A1","Progesterone","DEG",-0.415281403337354,-1.42816604579296,0.00549307939186351
"148","COL14A1","Thyroid","DEG",-0.415281403337354,-1.42816604579296,0.00549307939186351
"149","COL16A1","Thyroid","DEG",-0.351160445181752,-1.60459499895255,0.000302114510590987
"150","COL16A1","Retinoic","DEG",-0.351160445181752,-1.60459499895255,0.000302114510590987
"151","COL16A1","Progesterone","DEG",-0.351160445181752,-1.60459499895255,0.000302114510590987
"152","COL16A1","Estrogen","DEG",-0.351160445181752,-1.60459499895255,0.000302114510590987
"153","COL18A1","Estrogen","DEG",0.571802124558001,0.446182594442239,0.00715939162561959
"154","COL18A1","Thyroid","DEG",0.571802124558001,0.446182594442239,0.00715939162561959
"155","COL18A1","Progesterone","DEG",0.571802124558001,0.446182594442239,0.00715939162561959
"156","COL18A1","Corticoid","DEG",0.571802124558001,0.446182594442239,0.00715939162561959
"157","COL18A1","Retinoic","DEG",0.571802124558001,0.446182594442239,0.00715939162561959
"158","COL18A1","PPAR","DEG",0.571802124558001,0.446182594442239,0.00715939162561959
"159","COL1A1","Progesterone","DEG",-0.277380167526793,-1.93311597902027,0.00152236339043835
"160","COL1A1","Retinoic","DEG",-0.277380167526793,-1.93311597902027,0.00152236339043835
"161","COL1A1","PPAR","DEG",-0.277380167526793,-1.93311597902027,0.00152236339043835
"162","COL1A1","Thyroid","DEG",-0.277380167526793,-1.93311597902027,0.00152236339043835
"163","COL1A1","Estrogen","DEG",-0.277380167526793,-1.93311597902027,0.00152236339043835
"164","COL1A1","Corticoid","DEG",-0.277380167526793,-1.93311597902027,0.00152236339043835
"165","COL1A2","Progesterone","DEG",-0.311737572443864,-2.21440519556264,0.000657612606998377
"166","COL1A2","Thyroid","DEG",-0.311737572443864,-2.21440519556264,0.000657612606998377
"167","COL3A1","Thyroid","DEG",-0.356264282295414,-2.47024630242563,0.000485604023406727
"168","COL3A1","Progesterone","DEG",-0.356264282295414,-2.47024630242563,0.000485604023406727
"169","COL5A2","Estrogen","DEG",-0.137192140510986,-0.550423310552157,0.00375844717091622
"170","COL5A2","Progesterone","DEG",-0.137192140510986,-0.550423310552157,0.00375844717091622
"171","COL5A3","Thyroid","DEG",-0.490013458918549,-1.26569777474374,0.00795310467624935
"172","COL6A3","Progesterone","DEG",0.172415897977239,-1.57403081976256,0.00105517374919419
"173","COL6A3","Estrogen","DEG",0.172415897977239,-1.57403081976256,0.00105517374919419
"174","COL6A3","Thyroid","DEG",0.172415897977239,-1.57403081976256,0.00105517374919419
"175","COL8A2","Progesterone","DEG",-0.163772325151192,-0.306187038963989,0.408309980856245
"176","COL9A2","Retinoic","DEG",0.695062143900674,0.56945826193145,0.00328019970215548
"177","COLGALT2","Thyroid","DEG",0.544232106333767,0.232961790753671,0.015063089896998
"178","COX7B","Estrogen","DEG",-0.413426254745475,-0.369954768688896,0.00141749757330694
"179","COX7B","PPAR","DEG",-0.413426254745475,-0.369954768688896,0.00141749757330694
"180","COX7B","Thyroid","DEG",-0.413426254745475,-0.369954768688896,0.00141749757330694
"181","COX7B","Progesterone","DEG",-0.413426254745475,-0.369954768688896,0.00141749757330694
"182","CPED1","Thyroid","DEG",-0.372960059893656,-2.29379053622183,0.00172342996034594
"183","CPLX2","Thyroid","DEG",0.0883427243240045,0.083311266701862,0.838246613101595
"184","CPT1A","PPAR","DEG",0.0102887643545641,0.264139233829159,0.0673795248501483
"185","CPT1A","Estrogen","DEG",0.0102887643545641,0.264139233829159,0.0673795248501483
"186","CPT1A","Retinoic","DEG",0.0102887643545641,0.264139233829159,0.0673795248501483
"187","CREB3","PPAR","PsychencodeTF",-0.0157663189035482,0.0071127061265231,0.92301000023428
"188","CREB3","Estrogen","PsychencodeTF",-0.0157663189035482,0.0071127061265231,0.92301000023428
"189","CREB3","Thyroid","PsychencodeTF",-0.0157663189035482,0.0071127061265231,0.92301000023428
"190","CRISPLD2","Corticoid","DEG",0.628482527757186,0.101087205408324,0.0379432471031565
"191","CRISPLD2","Thyroid","DEG",0.628482527757186,0.101087205408324,0.0379432471031565
"192","CRISPLD2","Androgen","DEG",0.628482527757186,0.101087205408324,0.0379432471031565
"193","CRISPLD2","Estrogen","DEG",0.628482527757186,0.101087205408324,0.0379432471031565
"194","CRISPLD2","PPAR","DEG",0.628482527757186,0.101087205408324,0.0379432471031565
"195","CRYAB","Estrogen","DEG",0.138472226433233,0.707235044737769,0.00309263272499865
"196","CRYAB","Androgen","DEG",0.138472226433233,0.707235044737769,0.00309263272499865
"197","CRYAB","Corticoid","DEG",0.138472226433233,0.707235044737769,0.00309263272499865
"198","CRYAB","PPAR","DEG",0.138472226433233,0.707235044737769,0.00309263272499865
"199","CRYAB","Thyroid","DEG",0.138472226433233,0.707235044737769,0.00309263272499865
"200","CSAD","PPAR","DEG",-0.519211175986888,-0.384957903017939,0.0261243917535783
"201","CSAD","Corticoid","DEG",-0.519211175986888,-0.384957903017939,0.0261243917535783
"202","CSAD","Thyroid","DEG",-0.519211175986888,-0.384957903017939,0.0261243917535783
"203","CSAD","Estrogen","DEG",-0.519211175986888,-0.384957903017939,0.0261243917535783
"204","CTSK","PPAR","DEG",-0.300072207223094,-0.777062900256378,0.00146248596828294
"205","CTSK","Androgen","DEG",-0.300072207223094,-0.777062900256378,0.00146248596828294
"206","CTSK","Thyroid","DEG",-0.300072207223094,-0.777062900256378,0.00146248596828294
"207","CTSK","Estrogen","DEG",-0.300072207223094,-0.777062900256378,0.00146248596828294
"208","CXCL12","PPAR","DEG",0.0514153808071328,-0.610699101620344,0.0331414400810977
"209","CXCL12","Thyroid","DEG",0.0514153808071328,-0.610699101620344,0.0331414400810977
"210","CXCL12","Estrogen","DEG",0.0514153808071328,-0.610699101620344,0.0331414400810977
"211","CYP2D7","Thyroid","DEG",-0.416169292438954,-0.663853249972647,0.0374287578199318
"212","CYP3A5","Estrogen","DEG",-0.463904334362745,-0.993190361456499,0.0027106928549217
"213","CYP3A5","Retinoic","DEG",-0.463904334362745,-0.993190361456499,0.0027106928549217
"214","CYP3A5","Thyroid","DEG",-0.463904334362745,-0.993190361456499,0.0027106928549217
"215","DAAM2","Thyroid","DEG",-0.22065612733336,-0.648890342313847,0.0102386981404904
"216","DCN","Thyroid","DEG",-0.188022171899347,-1.27122583957837,0.00610575121046428
"217","DCN","PPAR","DEG",-0.188022171899347,-1.27122583957837,0.00610575121046428
"218","DCN","Estrogen","DEG",-0.188022171899347,-1.27122583957837,0.00610575121046428
"219","DDIT4L","Androgen","DEG",0.716754079749823,0.587743144162443,0.00610575121046428
"220","DDIT4L","Thyroid","DEG",0.716754079749823,0.587743144162443,0.00610575121046428
"221","DES","Thyroid","DEG",-0.0709773395562318,-0.749341118793084,0.0297055929586817
"222","DES","Progesterone","DEG",-0.0709773395562318,-0.749341118793084,0.0297055929586817
"223","DHRS2","Retinoic","DEG",0.0642907879822127,-0.609808461414797,0.0354105101310009
"224","DHRS2","Estrogen","DEG",0.0642907879822127,-0.609808461414797,0.0354105101310009
"225","DHRS3","Retinoic","DEG",0.25487083094795,0.372416546374109,0.477315057749053
"226","DHRS3","Thyroid","DEG",0.25487083094795,0.372416546374109,0.477315057749053
"227","DHRS3","Androgen","DEG",0.25487083094795,0.372416546374109,0.477315057749053
"228","DHRS3","PPAR","DEG",0.25487083094795,0.372416546374109,0.477315057749053
"229","DHRS3","Corticoid","DEG",0.25487083094795,0.372416546374109,0.477315057749053
"230","DHRS3","Estrogen","DEG",0.25487083094795,0.372416546374109,0.477315057749053
"231","DKK1","Estrogen","DEG",-0.526828026118269,-1.11058230311558,0.0239090755665099
"232","DKK1","Retinoic","DEG",-0.526828026118269,-1.11058230311558,0.0239090755665099
"233","DKKL1","Retinoic","DEG",0.202259340288256,0.553302818779032,0.0198513466710138
"234","DKKL1","Androgen","DEG",0.202259340288256,0.553302818779032,0.0198513466710138
"235","DKKL1","Progesterone","DEG",0.202259340288256,0.553302818779032,0.0198513466710138
"236","DMRT3","Androgen","DEG",0.0533657487056807,1.00412269650762,0.0377572934650956
"237","DMRT3","Estrogen","DEG",0.0533657487056807,1.00412269650762,0.0377572934650956
"238","DNAJA4","PPAR","DEG",0.00813750611144551,-0.684412559635187,0.0184804085793337
"239","DNAJA4","Estrogen","DEG",0.00813750611144551,-0.684412559635187,0.0184804085793337
"240","DNAJA4","Thyroid","DEG",0.00813750611144551,-0.684412559635187,0.0184804085793337
"241","DNM3OS","Progesterone","DEG",-0.650637518147545,-1.12271818090213,0.00446470312361637
"242","DPF3","Thyroid","DEG",-0.312849811682775,-0.896524761335032,0.0101344038510078
"243","DPYD","Estrogen","DEG",-0.419650915779804,-0.591270834998584,0.00525812971900212
"244","DPYD","Thyroid","DEG",-0.419650915779804,-0.591270834998584,0.00525812971900212
"245","DRD2","Thyroid","DEG",0.170673560788749,-0.657846670591523,0.0147116784345164
"246","E2F1","Thyroid","PsychencodeTF",0.162212418032872,0.125159461231607,0.631994016723859
"247","E2F1","Estrogen","PsychencodeTF",0.162212418032872,0.125159461231607,0.631994016723859
"248","E2F1","PPAR","PsychencodeTF",0.162212418032872,0.125159461231607,0.631994016723859
"249","E2F3","Thyroid","PsychencodeTF",0.324620731855959,0.159544508015238,0.0299804833772516
"250","E2F8","Estrogen","PsychencodeTF",0.00406820920523315,-0.00635577660336908,0.998178712046554
"251","E2F8","Thyroid","PsychencodeTF",0.00406820920523315,-0.00635577660336908,0.998178712046554
"252","E2F8","Corticoid","PsychencodeTF",0.00406820920523315,-0.00635577660336908,0.998178712046554
"253","E2F8","Retinoic","PsychencodeTF",0.00406820920523315,-0.00635577660336908,0.998178712046554
"254","E2F8","Androgen","PsychencodeTF",0.00406820920523315,-0.00635577660336908,0.998178712046554
"255","E2F8","PPAR","PsychencodeTF",0.00406820920523315,-0.00635577660336908,0.998178712046554
"256","EBF1","PPAR","PsychencodeTF&DEG",-0.0944789048831607,-0.594415264694554,0.0034617692200074
"257","EBF1","Progesterone","PsychencodeTF&DEG",-0.0944789048831607,-0.594415264694554,0.0034617692200074
"258","EBLN2","Estrogen","DEG",-0.596544403519355,-0.566983175159947,0.00597289294055474
"259","EDNRA","Thyroid","DEG",-0.183450995287246,-1.51644564860499,0.000534755878262269
"260","EFEMP1","Estrogen","DEG",-0.00760738536830142,-0.0930913271271839,0.872742350243232
"261","EFNA5","Thyroid","DEG",0.510440046202,-0.124554051449789,0.0120667406550169
"262","EFNA5","Estrogen","DEG",0.510440046202,-0.124554051449789,0.0120667406550169
"263","EFNA5","PPAR","DEG",0.510440046202,-0.124554051449789,0.0120667406550169
"264","EFNB3","Estrogen","DEG",-0.13030254509344,-0.546455265587588,0.0015174870250371
"265","EFNB3","Androgen","DEG",-0.13030254509344,-0.546455265587588,0.0015174870250371
"266","EGF","Estrogen","DEG",-0.833542073649662,-0.342255916679542,0.0445673206164762
"267","EIF5B","Androgen","DEG",0.278265512211193,0.117893091517222,0.359503417322596
"268","EIF5B","Estrogen","DEG",0.278265512211193,0.117893091517222,0.359503417322596
"269","ELK4","Androgen","PsychencodeTF",0.0146743508322895,-0.0727425794807491,0.179847951054525
"270","EMILIN1","Thyroid","DEG",0.32072501668959,-0.930676594908432,0.00157867400664463
"271","EMILIN1","PPAR","DEG",0.32072501668959,-0.930676594908432,0.00157867400664463
"272","ENG","Thyroid","DEG",-0.224592642806124,-0.554890941615859,0.0492228536300098
"273","ENG","Corticoid","DEG",-0.224592642806124,-0.554890941615859,0.0492228536300098
"274","EPHA7","Estrogen","DEG",0.652159567277465,0.308450202761532,0.0337283180941395
"275","ESRRA","Estrogen","PsychencodeTF",0.198367347558817,0.484018034611833,0.00470250825474007
"276","ESRRA","PPAR","PsychencodeTF",0.198367347558817,0.484018034611833,0.00470250825474007
"277","ESRRA","Thyroid","PsychencodeTF",0.198367347558817,0.484018034611833,0.00470250825474007
"278","FABP3","PPAR","DEG",-0.547946273996443,-0.508394794752759,0.00848437409960864
"279","FABP7","PPAR","DEG",-0.584771732860321,-0.217145373315048,0.0313881338302605
"280","FAM107A","Thyroid","DEG",-0.439795154875567,0.622949790193509,0.0149936706981429
"281","FAM107A","Corticoid","DEG",-0.439795154875567,0.622949790193509,0.0149936706981429
"282","FAM107A","Androgen","DEG",-0.439795154875567,0.622949790193509,0.0149936706981429
"283","FAM167A","Thyroid","DEG",-0.00116256851226861,0.00679455102173726,0.99365654868495
"284","FAM183A","Thyroid","DEG",-0.14142429466422,0.594330259660008,0.0402444423535211
"285","FAM83B","Estrogen","DEG",-0.962117509314738,0.254216471116469,0.0239090755665099
"286","FBLN1","Thyroid","DEG",0.563728093706072,0.431424931465714,0.0273759069283273
"287","FBLN1","Androgen","DEG",0.563728093706072,0.431424931465714,0.0273759069283273
"288","FBLN5","Thyroid","DEG",0.0120755039420293,0.545254432997139,0.00539223729776914
"289","FBLN5","Estrogen","DEG",0.0120755039420293,0.545254432997139,0.00539223729776914
"290","FHDC1","Progesterone","DEG",0.545980727637518,0.183473388633874,0.0156549161254998
"291","FHDC1","Androgen","DEG",0.545980727637518,0.183473388633874,0.0156549161254998
"292","FHDC1","PPAR","DEG",0.545980727637518,0.183473388633874,0.0156549161254998
"293","FHDC1","Corticoid","DEG",0.545980727637518,0.183473388633874,0.0156549161254998
"294","FHDC1","Estrogen","DEG",0.545980727637518,0.183473388633874,0.0156549161254998
"295","FOXM1","Androgen","PsychencodeTF",0.215300372713745,0.222981537279094,0.605879296683787
"296","FOXM1","Thyroid","PsychencodeTF",0.215300372713745,0.222981537279094,0.605879296683787
"297","FOXM1","Corticoid","PsychencodeTF",0.215300372713745,0.222981537279094,0.605879296683787
"298","FOXM1","Estrogen","PsychencodeTF",0.215300372713745,0.222981537279094,0.605879296683787
"299","FOXM1","Progesterone","PsychencodeTF",0.215300372713745,0.222981537279094,0.605879296683787
"300","FOXO3","Estrogen","PsychencodeTF",0.267809109723838,0.186411248646459,0.00134154704068129
"301","FOXO3","Progesterone","PsychencodeTF",0.267809109723838,0.186411248646459,0.00134154704068129
"302","FOXO3","Corticoid","PsychencodeTF",0.267809109723838,0.186411248646459,0.00134154704068129
"303","FOXP1","Retinoic","PsychencodeTF",-0.0382888895179771,0.0528581911583702,0.414803426526479
"304","FOXP1","PPAR","PsychencodeTF",-0.0382888895179771,0.0528581911583702,0.414803426526479
"305","FOXP1","Progesterone","PsychencodeTF",-0.0382888895179771,0.0528581911583702,0.414803426526479
"306","FOXP1","Thyroid","PsychencodeTF",-0.0382888895179771,0.0528581911583702,0.414803426526479
"307","FOXP1","Androgen","PsychencodeTF",-0.0382888895179771,0.0528581911583702,0.414803426526479
"308","FOXP2","Androgen","PsychencodeTF&DEG",-0.57048773444805,0.0392195110355539,0.0495748997851194
"309","FRZB","Thyroid","DEG",0.0364910942196361,0.715110970585281,0.0497089609382218
"310","FSD2","PPAR","DEG",-0.483127665684022,-0.768742720144878,0.000574804829851546
"311","FST","Thyroid","DEG",-0.237767657546272,-0.787145597561572,0.00678189371689091
"312","FST","Progesterone","DEG",-0.237767657546272,-0.787145597561572,0.00678189371689091
"313","FXYD7","Estrogen","DEG",-0.24819470374621,0.00865007156510145,0.536554135254745
"314","GAD2","PPAR","DEG",0.493754604895527,1.08599202135316,0.0379362264293274
"315","GAR1","Thyroid","DEG",0.528531735403872,0.648477841657875,0.034571319189588
"316","GAS5","Estrogen","DEG",-0.205675663614506,-0.183470428596846,0.094318656650304
"317","GK3P","Estrogen","DEG",-1.00989726403079,-1.09910043051502,0.0187559837064408
"318","GLIS3","Thyroid","PsychencodeTF",0.259306656832075,0.141018152565656,0.333563708531793
"319","GLYCTK","PPAR","DEG",-0.562165613177689,-0.607612845073322,0.000323985735078871
"320","GLYCTK","Estrogen","DEG",-0.562165613177689,-0.607612845073322,0.000323985735078871
"321","GOLGA7B","PPAR","DEG",-0.20746166172979,-0.612727236770675,0.0303815919909004
"322","GOLGA8A","Thyroid","DEG",-0.425477365404927,-0.54247695500467,0.00079778918084412
"323","GOLGA8A","PPAR","DEG",-0.425477365404927,-0.54247695500467,0.00079778918084412
"324","GOLGA8B","PPAR","DEG",-0.487325847839458,-0.59904953777438,0.000534755878262269
"325","GOLGA8B","Thyroid","DEG",-0.487325847839458,-0.59904953777438,0.000534755878262269
"326","GPNMB","Estrogen","DEG",-0.228699922377794,0.564383590622833,0.00141749757330694
"327","GPNMB","Thyroid","DEG",-0.228699922377794,0.564383590622833,0.00141749757330694
"328","GPNMB","PPAR","DEG",-0.228699922377794,0.564383590622833,0.00141749757330694
"329","GPR182","Thyroid","DEG",-0.711748182198088,-1.03011268056562,0.0172480139569407
"330","GPR182","PPAR","DEG",-0.711748182198088,-1.03011268056562,0.0172480139569407
"331","GPR82","Thyroid","DEG",-0.518135060839304,-0.807786095142643,0.0316776880399385
"332","GPX3","Retinoic","DEG",-0.0125255578417354,-0.109045621719526,0.728459648649791
"333","GPX3","Progesterone","DEG",-0.0125255578417354,-0.109045621719526,0.728459648649791
"334","GPX3","Thyroid","DEG",-0.0125255578417354,-0.109045621719526,0.728459648649791
"335","GRB14","Thyroid","DEG",-0.515442522941511,-0.0218124856126687,0.0487654624533458
"336","GRB14","Estrogen","DEG",-0.515442522941511,-0.0218124856126687,0.0487654624533458
"337","GRB14","Corticoid","DEG",-0.515442522941511,-0.0218124856126687,0.0487654624533458
"338","GRB14","PPAR","DEG",-0.515442522941511,-0.0218124856126687,0.0487654624533458
"339","GRB14","Progesterone","DEG",-0.515442522941511,-0.0218124856126687,0.0487654624533458
"340","GREM1","Thyroid","DEG",-0.166163090941713,-1.83763548416877,0.0018709763968082
"341","GRHL1","PPAR","PsychencodeTF",-0.17600581694507,-0.348999837665927,0.0372722818935804
"342","GRHL1","Estrogen","PsychencodeTF",-0.17600581694507,-0.348999837665927,0.0372722818935804
"343","GRHL1","Corticoid","PsychencodeTF",-0.17600581694507,-0.348999837665927,0.0372722818935804
"344","GRHL1","Thyroid","PsychencodeTF",-0.17600581694507,-0.348999837665927,0.0372722818935804
"345","GRHL3","Estrogen","DEG",-0.530398433010649,-0.984098821839543,0.0473804622750479
"346","GRHL3","Retinoic","DEG",-0.530398433010649,-0.984098821839543,0.0473804622750479
"347","H19","Estrogen","DEG",-0.343241678838916,-0.999636781182221,0.0087049194877047
"348","H19","PPAR","DEG",-0.343241678838916,-0.999636781182221,0.0087049194877047
"349","H19","Retinoic","DEG",-0.343241678838916,-0.999636781182221,0.0087049194877047
"350","H1F0","Corticoid","DEG",0.362721867589925,0.755919131938467,0.00419545106504913
"351","H1F0","Estrogen","DEG",0.362721867589925,0.755919131938467,0.00419545106504913
"352","H1F0","PPAR","DEG",0.362721867589925,0.755919131938467,0.00419545106504913
"353","H1F0","Retinoic","DEG",0.362721867589925,0.755919131938467,0.00419545106504913
"354","H1FX","Estrogen","DEG",0.439168600824731,0.518360863417708,0.00082138809680567
"355","H1FX","Progesterone","DEG",0.439168600824731,0.518360863417708,0.00082138809680567
"356","H2AFX","Corticoid","DEG",0.591783350382836,0.625660509217545,0.00933137749159509
"357","H2AFX","Androgen","DEG",0.591783350382836,0.625660509217545,0.00933137749159509
"358","H2AFX","Estrogen","DEG",0.591783350382836,0.625660509217545,0.00933137749159509
"359","HAP1","Thyroid","DEG",-0.600276670624907,-0.291344216268987,0.0343567908389117
"360","HES6","Estrogen","DEG",0.310443240151217,0.519036621920379,0.00783061595606716
"361","HES6","PPAR","DEG",0.310443240151217,0.519036621920379,0.00783061595606716
"362","HES6","Corticoid","DEG",0.310443240151217,0.519036621920379,0.00783061595606716
"363","HES6","Thyroid","DEG",0.310443240151217,0.519036621920379,0.00783061595606716
"364","HES6","Androgen","DEG",0.310443240151217,0.519036621920379,0.00783061595606716
"365","HEY1","Progesterone","PsychencodeTF",0.170664561960817,-0.0598263281473642,0.222015411220817
"366","HEY1","Thyroid","PsychencodeTF",0.170664561960817,-0.0598263281473642,0.222015411220817
"367","HEY1","Estrogen","PsychencodeTF",0.170664561960817,-0.0598263281473642,0.222015411220817
"368","HEY1","Androgen","PsychencodeTF",0.170664561960817,-0.0598263281473642,0.222015411220817
"369","HIST1H3A","Estrogen","DEG",0.198659971152651,0.0946056757633392,0.648547548569726
"370","HMBOX1","Androgen","PsychencodeTF",-0.16766682765602,-0.244103744310247,0.0328401960770191
"371","HRC","Estrogen","DEG",-0.877256639233387,-1.18501646809886,0.00246176936126513
"372","HS3ST2","PPAR","DEG",0.891846837248942,0.236085786581493,0.0257042382730993
"373","HS3ST3A1","PPAR","DEG",0.567522356595309,0.0255630269456754,0.0242565598550736
"374","HS3ST3A1","Retinoic","DEG",0.567522356595309,0.0255630269456754,0.0242565598550736
"375","HSF1","Estrogen","PsychencodeTF",0.00802310130249666,0.145860394938002,0.0257237603788612
"376","HSPB1","Corticoid","DEG",0.22004178138249,0.510704373200371,0.00270028914780575
"377","HSPB1","Estrogen","DEG",0.22004178138249,0.510704373200371,0.00270028914780575
"378","HSPB1","Androgen","DEG",0.22004178138249,0.510704373200371,0.00270028914780575
"379","HSPB1","Thyroid","DEG",0.22004178138249,0.510704373200371,0.00270028914780575
"380","HSPB1","Progesterone","DEG",0.22004178138249,0.510704373200371,0.00270028914780575
"381","HSPB1","PPAR","DEG",0.22004178138249,0.510704373200371,0.00270028914780575
"382","ICAM1","Corticoid","DEG",-0.0211815457448306,-0.153679753394506,0.688336955227106
"383","ICAM1","Thyroid","DEG",-0.0211815457448306,-0.153679753394506,0.688336955227106
"384","ID1","Retinoic","PsychencodeTF&DEG",0.585873456649562,0.455182340930405,0.0111299048497952
"385","ID1","Androgen","PsychencodeTF&DEG",0.585873456649562,0.455182340930405,0.0111299048497952
"386","ID1","Thyroid","PsychencodeTF&DEG",0.585873456649562,0.455182340930405,0.0111299048497952
"387","ID1","Corticoid","PsychencodeTF&DEG",0.585873456649562,0.455182340930405,0.0111299048497952
"388","ID1","PPAR","PsychencodeTF&DEG",0.585873456649562,0.455182340930405,0.0111299048497952
"389","ID1","Estrogen","PsychencodeTF&DEG",0.585873456649562,0.455182340930405,0.0111299048497952
"390","ID1","Progesterone","PsychencodeTF&DEG",0.585873456649562,0.455182340930405,0.0111299048497952
"391","ID3","Retinoic","DEG",0.562627714483292,0.279668963530445,0.00610575121046428
"392","ID3","Thyroid","DEG",0.562627714483292,0.279668963530445,0.00610575121046428
"393","ID3","Corticoid","DEG",0.562627714483292,0.279668963530445,0.00610575121046428
"394","ID3","PPAR","DEG",0.562627714483292,0.279668963530445,0.00610575121046428
"395","ID3","Progesterone","DEG",0.562627714483292,0.279668963530445,0.00610575121046428
"396","ID3","Estrogen","DEG",0.562627714483292,0.279668963530445,0.00610575121046428
"397","IFIT2","Thyroid","DEG",-0.487161413093792,-0.698108953642981,0.0322382009343235
"398","IFIT2","Androgen","DEG",-0.487161413093792,-0.698108953642981,0.0322382009343235
"399","IFIT2","Progesterone","DEG",-0.487161413093792,-0.698108953642981,0.0322382009343235
"400","IFIT2","Estrogen","DEG",-0.487161413093792,-0.698108953642981,0.0322382009343235
"401","IGDCC3","Estrogen","DEG",-0.408062350921549,-0.631381359620707,0.0334588216734366
"402","IGSF21","Retinoic","DEG",0.48237729525361,0.603077124740883,0.0312095652520264
"403","IMMP1L","Progesterone","DEG",-0.120834411536061,-0.0607208442739548,0.713446310090652
"404","IMMP1L","Thyroid","DEG",-0.120834411536061,-0.0607208442739548,0.713446310090652
"405","IMMP1L","Androgen","DEG",-0.120834411536061,-0.0607208442739548,0.713446310090652
"406","INE1","Androgen","DEG",-0.404687376683847,-0.545315515639526,0.0227923807603651
"407","ISL1","Estrogen","DEG",0.511871626143267,-0.127918435790856,0.0237644463235054
"408","ISL1","Corticoid","DEG",0.511871626143267,-0.127918435790856,0.0237644463235054
"409","ITGA1","PPAR","DEG",0.406595466746888,-0.144903963182646,0.321052671015835
"410","ITGA1","Thyroid","DEG",0.406595466746888,-0.144903963182646,0.321052671015835
"411","JUND","Corticoid","PsychencodeTF",0.316855271225719,0.373091197321338,0.0313881338302605
"412","JUND","Estrogen","PsychencodeTF",0.316855271225719,0.373091197321338,0.0313881338302605
"413","JUND","Thyroid","PsychencodeTF",0.316855271225719,0.373091197321338,0.0313881338302605
"414","KCNJ2","Thyroid","DEG",0.477824539207735,0.14511594702274,0.0581643311813748
"415","KCNJ2","Androgen","DEG",0.477824539207735,0.14511594702274,0.0581643311813748
"416","KCNJ2","PPAR","DEG",0.477824539207735,0.14511594702274,0.0581643311813748
"417","KCNJ6","PPAR","DEG",-0.546037454353466,-0.080912450167666,0.00785643103534205
"418","KCNMA1","Thyroid","DEG",-0.658191306277336,-0.33457105881181,0.00365416453688898
"419","KDM6B","Thyroid","DEG",0.284401937468137,0.540849688599816,0.00709214019357763
"420","KDM6B","Estrogen","DEG",0.284401937468137,0.540849688599816,0.00709214019357763
"421","KDM6B","PPAR","DEG",0.284401937468137,0.540849688599816,0.00709214019357763
"422","KIRREL3","Thyroid","DEG",-0.0607707707788704,-0.514715235931321,0.0175908790360801
"423","KLB","Thyroid","DEG",-0.35979964694198,-0.643872207045356,0.0277512629434646
"424","KLB","PPAR","DEG",-0.35979964694198,-0.643872207045356,0.0277512629434646
"425","KLF16","Retinoic","PsychencodeTF",0.342305269040887,0.497622050627645,0.029454171053968
"426","KLF16","Thyroid","PsychencodeTF",0.342305269040887,0.497622050627645,0.029454171053968
"427","KLF3","PPAR","PsychencodeTF",0.288672190367931,0.215940412477141,0.0274444007155934
"428","KLF3","Estrogen","PsychencodeTF",0.288672190367931,0.215940412477141,0.0274444007155934
"429","KLF9","Progesterone","PsychencodeTF",0.128777406954011,-0.395840239737478,0.0124797794290657
"430","KLF9","Thyroid","PsychencodeTF",0.128777406954011,-0.395840239737478,0.0124797794290657
"431","KLF9","Corticoid","PsychencodeTF",0.128777406954011,-0.395840239737478,0.0124797794290657
"432","KLF9","Androgen","PsychencodeTF",0.128777406954011,-0.395840239737478,0.0124797794290657
"433","KRT18","Progesterone","DEG",0.20628226706473,0.588369305254206,0.00106699356104667
"434","KRT18","Thyroid","DEG",0.20628226706473,0.588369305254206,0.00106699356104667
"435","KRT18","Estrogen","DEG",0.20628226706473,0.588369305254206,0.00106699356104667
"436","KRT18","Corticoid","DEG",0.20628226706473,0.588369305254206,0.00106699356104667
"437","KRT8","PPAR","DEG",0.401864564697718,0.719044774381668,0.00164487997582941
"438","KRT8","Estrogen","DEG",0.401864564697718,0.719044774381668,0.00164487997582941
"439","KRT8","Thyroid","DEG",0.401864564697718,0.719044774381668,0.00164487997582941
"440","KRT8","Androgen","DEG",0.401864564697718,0.719044774381668,0.00164487997582941
"441","KRT8","Corticoid","DEG",0.401864564697718,0.719044774381668,0.00164487997582941
"442","LGALS1","Estrogen","DEG",-0.0146357910287754,-0.569204461557846,0.0320806560799287
"443","LGALS1","PPAR","DEG",-0.0146357910287754,-0.569204461557846,0.0320806560799287
"444","LGALS1","Androgen","DEG",-0.0146357910287754,-0.569204461557846,0.0320806560799287
"445","LGALS1","Thyroid","DEG",-0.0146357910287754,-0.569204461557846,0.0320806560799287
"446","LGALS1","Progesterone","DEG",-0.0146357910287754,-0.569204461557846,0.0320806560799287
"447","LGALS1","Retinoic","DEG",-0.0146357910287754,-0.569204461557846,0.0320806560799287
"448","LGALS3","Progesterone","DEG",-0.128899387801997,0.609277304948183,0.00309263272499865
"449","LGALS3","PPAR","DEG",-0.128899387801997,0.609277304948183,0.00309263272499865
"450","LGALS3","Androgen","DEG",-0.128899387801997,0.609277304948183,0.00309263272499865
"451","LGALS3","Thyroid","DEG",-0.128899387801997,0.609277304948183,0.00309263272499865
"452","LGI4","PPAR","DEG",-0.11081368219116,-0.0465178114628921,0.90895183757915
"453","LOX","Corticoid","DEG",0.0427857882300253,0.117606770223145,0.525298516664114
"454","LOX","PPAR","DEG",0.0427857882300253,0.117606770223145,0.525298516664114
"455","LOX","Thyroid","DEG",0.0427857882300253,0.117606770223145,0.525298516664114
"456","LOX","Estrogen","DEG",0.0427857882300253,0.117606770223145,0.525298516664114
"457","LOX","Progesterone","DEG",0.0427857882300253,0.117606770223145,0.525298516664114
"458","LPL","Estrogen","DEG",0.491314262627829,0.498510043575508,0.0158553123886704
"459","LPL","PPAR","DEG",0.491314262627829,0.498510043575508,0.0158553123886704
"460","LPL","Progesterone","DEG",0.491314262627829,0.498510043575508,0.0158553123886704
"461","LPL","Retinoic","DEG",0.491314262627829,0.498510043575508,0.0158553123886704
"462","LPL","Corticoid","DEG",0.491314262627829,0.498510043575508,0.0158553123886704
"463","LPL","Thyroid","DEG",0.491314262627829,0.498510043575508,0.0158553123886704
"464","LSM10","Progesterone","DEG",0.480359842883233,0.940157242278284,0.0295274623508717
"465","LSM10","PPAR","DEG",0.480359842883233,0.940157242278284,0.0295274623508717
"466","LSM10","Estrogen","DEG",0.480359842883233,0.940157242278284,0.0295274623508717
"467","LSM10","Androgen","DEG",0.480359842883233,0.940157242278284,0.0295274623508717
"468","LSM10","Corticoid","DEG",0.480359842883233,0.940157242278284,0.0295274623508717
"469","LSM10","Thyroid","DEG",0.480359842883233,0.940157242278284,0.0295274623508717
"470","LUM","Androgen","DEG",-0.507439692338041,-1.44119271180729,0.00153913915653368
"471","LUM","PPAR","DEG",-0.507439692338041,-1.44119271180729,0.00153913915653368
"472","LUM","Thyroid","DEG",-0.507439692338041,-1.44119271180729,0.00153913915653368
"473","LUM","Progesterone","DEG",-0.507439692338041,-1.44119271180729,0.00153913915653368
"474","MAFG","Androgen","PsychencodeTF",0.0127498968909192,0.119596345524952,0.174260468130681
"475","MAFG","Thyroid","PsychencodeTF",0.0127498968909192,0.119596345524952,0.174260468130681
"476","MAP1S","Thyroid","DEG",0.476834332563447,0.616833086919475,0.000528217557308281
"477","MAP3K5","Thyroid","DEG",-0.00902271615123331,-0.541480651294212,0.00300018337996996
"478","MAP3K5","Estrogen","DEG",-0.00902271615123331,-0.541480651294212,0.00300018337996996
"479","MAP3K5","Retinoic","DEG",-0.00902271615123331,-0.541480651294212,0.00300018337996996
"480","MAP3K5","Corticoid","DEG",-0.00902271615123331,-0.541480651294212,0.00300018337996996
"481","MEF2C","Thyroid","PsychencodeTF",-0.0244277564561738,-0.319869370338206,0.0391610670511797
"482","MEF2C","Corticoid","PsychencodeTF",-0.0244277564561738,-0.319869370338206,0.0391610670511797
"483","MEF2C","PPAR","PsychencodeTF",-0.0244277564561738,-0.319869370338206,0.0391610670511797
"484","METRN","Thyroid","DEG",0.644241602191328,0.549340339271685,0.0108409002069748
"485","METRN","Retinoic","DEG",0.644241602191328,0.549340339271685,0.0108409002069748
"486","METRN","Estrogen","DEG",0.644241602191328,0.549340339271685,0.0108409002069748
"487","MFAP2","Estrogen","DEG",0.366644891915329,0.122791262673627,0.0105860303172066
"488","MFAP2","PPAR","DEG",0.366644891915329,0.122791262673627,0.0105860303172066
"489","MFAP2","Progesterone","DEG",0.366644891915329,0.122791262673627,0.0105860303172066
"490","MGAT4C","PPAR","DEG",-0.102868831887314,-0.643309520058905,0.0239090755665099
"491","MGP","Progesterone","DEG",-0.762739966870707,-1.62042704088065,0.0124797794290657
"492","MGP","Estrogen","DEG",-0.762739966870707,-1.62042704088065,0.0124797794290657
"493","MGP","Retinoic","DEG",-0.762739966870707,-1.62042704088065,0.0124797794290657
"494","MGP","Thyroid","DEG",-0.762739966870707,-1.62042704088065,0.0124797794290657
"495","MGP","PPAR","DEG",-0.762739966870707,-1.62042704088065,0.0124797794290657
"496","MGP","Androgen","DEG",-0.762739966870707,-1.62042704088065,0.0124797794290657
"497","MLX","Thyroid","PsychencodeTF",0.00322008527930097,0.106791400923097,0.367661379064421
"498","MLX","Progesterone","PsychencodeTF",0.00322008527930097,0.106791400923097,0.367661379064421
"499","MLX","Estrogen","PsychencodeTF",0.00322008527930097,0.106791400923097,0.367661379064421
"500","MLX","Retinoic","PsychencodeTF",0.00322008527930097,0.106791400923097,0.367661379064421
"501","MLX","Androgen","PsychencodeTF",0.00322008527930097,0.106791400923097,0.367661379064421
"502","MPZ","Thyroid","DEG",-0.762347736914744,-1.0897938427189,0.0109526060459043
"503","MRPL12","Thyroid","DEG",0.515096073802244,0.85462463736436,0.0178394968256398
"504","MRPL12","Progesterone","DEG",0.515096073802244,0.85462463736436,0.0178394968256398
"505","MTTP","PPAR","DEG",-0.291602021708169,-0.294404947243447,0.300524428247278
"506","MTTP","Thyroid","DEG",-0.291602021708169,-0.294404947243447,0.300524428247278
"507","MUSTN1","Thyroid","DEG",-0.557644309390601,-0.727518748633478,0.0179184188756097
"508","MUSTN1","PPAR","DEG",-0.557644309390601,-0.727518748633478,0.0179184188756097
"509","MYO7A","Thyroid","DEG",-0.639576287784323,-0.157307059749421,0.0124512358627232
"510","MYRF","PPAR","DEG",-0.286073128108582,-0.571688493994786,0.0156743915663263
"511","MYRF","Estrogen","DEG",-0.286073128108582,-0.571688493994786,0.0156743915663263
"512","MYRF","Retinoic","DEG",-0.286073128108582,-0.571688493994786,0.0156743915663263
"513","MYRF","Progesterone","DEG",-0.286073128108582,-0.571688493994786,0.0156743915663263
"514","MZT2B","Thyroid","DEG",0.428369162797042,0.505957356835784,0.0167112104566836
"515","NCL","Estrogen","DEG",0.39212389459568,0.195344269590027,0.22341175881997
"516","NCL","Thyroid","DEG",0.39212389459568,0.195344269590027,0.22341175881997
"517","NCL","Corticoid","DEG",0.39212389459568,0.195344269590027,0.22341175881997
"518","NDUFS7","Estrogen","DEG",0.416357230539055,0.600994596835162,0.0171057297040959
"519","NDUFS7","Thyroid","DEG",0.416357230539055,0.600994596835162,0.0171057297040959
"520","NEAT1","Progesterone","DEG",-0.510552094880037,-0.46093857265185,0.0396135053251309
"521","NEAT1","Androgen","DEG",-0.510552094880037,-0.46093857265185,0.0396135053251309
"522","NEFL","Corticoid","DEG",0.17224824561444,-0.674960373302713,0.000117081046024042
"523","NEGR1","PPAR","DEG",-0.0435226180913717,-0.542190550590349,0.00164879395586794
"524","NEIL1","Estrogen","DEG",-0.133000476697795,-0.530218094983513,0.00309263272499865
"525","NFAM1","Thyroid","DEG",0.417016421341225,0.262270576599896,0.579233573832628
"526","NFE2L1","Thyroid","PsychencodeTF",0.0248099757865733,0.193026154691834,0.0193324560443889
"527","NFE2L1","Corticoid","PsychencodeTF",0.0248099757865733,0.193026154691834,0.0193324560443889
"528","NFE2L1","Androgen","PsychencodeTF",0.0248099757865733,0.193026154691834,0.0193324560443889
"529","NFE2L1","Retinoic","PsychencodeTF",0.0248099757865733,0.193026154691834,0.0193324560443889
"530","NFE2L1","Estrogen","PsychencodeTF",0.0248099757865733,0.193026154691834,0.0193324560443889
"531","NFE2L1","PPAR","PsychencodeTF",0.0248099757865733,0.193026154691834,0.0193324560443889
"532","NFE2L2","Thyroid","PsychencodeTF",-0.0690998715127754,0.00740523947893326,0.29108193074264
"533","NFE2L2","Androgen","PsychencodeTF",-0.0690998715127754,0.00740523947893326,0.29108193074264
"534","NFE2L2","PPAR","PsychencodeTF",-0.0690998715127754,0.00740523947893326,0.29108193074264
"535","NFE2L2","Corticoid","PsychencodeTF",-0.0690998715127754,0.00740523947893326,0.29108193074264
"536","NFE2L2","Estrogen","PsychencodeTF",-0.0690998715127754,0.00740523947893326,0.29108193074264
"537","NKD2","Retinoic","DEG",-0.262834848570132,-0.844675245164736,0.0226793050219415
"538","NKD2","Estrogen","DEG",-0.262834848570132,-0.844675245164736,0.0226793050219415
"539","NPNT","Thyroid","DEG",0.68760431442601,0.329576693267192,0.0615556509236674
"540","NPNT","Estrogen","DEG",0.68760431442601,0.329576693267192,0.0615556509236674
"541","NPNT","Progesterone","DEG",0.68760431442601,0.329576693267192,0.0615556509236674
"542","NQO1","Thyroid","DEG",0.18825517156082,0.598139621362394,0.00848403268924318
"543","NQO1","Retinoic","DEG",0.18825517156082,0.598139621362394,0.00848403268924318
"544","NQO1","PPAR","DEG",0.18825517156082,0.598139621362394,0.00848403268924318
"545","NQO1","Estrogen","DEG",0.18825517156082,0.598139621362394,0.00848403268924318
"546","NR1D2","Progesterone","PsychencodeTF",0.185273672893754,0.132422752842898,0.0110802969988135
"547","NR1D2","Estrogen","PsychencodeTF",0.185273672893754,0.132422752842898,0.0110802969988135
"548","NR1D2","Thyroid","PsychencodeTF",0.185273672893754,0.132422752842898,0.0110802969988135
"549","NR1D2","Corticoid","PsychencodeTF",0.185273672893754,0.132422752842898,0.0110802969988135
"550","NR2C1","Thyroid","PsychencodeTF",-0.233385652912258,-0.278303763025911,0.00889259014875534
"551","NR2C1","Retinoic","PsychencodeTF",-0.233385652912258,-0.278303763025911,0.00889259014875534
"552","NR3C2","Thyroid","PsychencodeTF",0.0251848831344553,0.309674349192996,0.00980355612381733
"553","NR3C2","Corticoid","PsychencodeTF",0.0251848831344553,0.309674349192996,0.00980355612381733
"554","NR5A2","Estrogen","PsychencodeTF&DEG",0.0928044130171977,-0.61992176564139,0.0335567144104761
"555","NR5A2","Thyroid","PsychencodeTF&DEG",0.0928044130171977,-0.61992176564139,0.0335567144104761
"556","NR6A1","Thyroid","PsychencodeTF&DEG",-0.248525302392695,-0.580927597128913,0.00459098859703784
"557","NRBP2","PPAR","DEG",-0.503750158185751,-0.485009121865089,0.000203270232213033
"558","NRBP2","Retinoic","DEG",-0.503750158185751,-0.485009121865089,0.000203270232213033
"559","NRBP2","Androgen","DEG",-0.503750158185751,-0.485009121865089,0.000203270232213033
"560","NRBP2","Corticoid","DEG",-0.503750158185751,-0.485009121865089,0.000203270232213033
"561","NRBP2","Progesterone","DEG",-0.503750158185751,-0.485009121865089,0.000203270232213033
"562","NRBP2","Estrogen","DEG",-0.503750158185751,-0.485009121865089,0.000203270232213033
"563","NRP1","Androgen","DEG",-0.231128221805797,-0.289283770972387,0.329587874476025
"564","NRP1","Corticoid","DEG",-0.231128221805797,-0.289283770972387,0.329587874476025
"565","NRP1","Thyroid","DEG",-0.231128221805797,-0.289283770972387,0.329587874476025
"566","NRP1","Retinoic","DEG",-0.231128221805797,-0.289283770972387,0.329587874476025
"567","NRP1","Progesterone","DEG",-0.231128221805797,-0.289283770972387,0.329587874476025
"568","NRP1","Estrogen","DEG",-0.231128221805797,-0.289283770972387,0.329587874476025
"569","NUDT13","Thyroid","DEG",-0.544551267113581,-0.527752483157113,0.0366384963034707
"570","OGN","Thyroid","DEG",-0.163652616295894,-0.933801424490712,0.0134399319229003
"571","OGN","PPAR","DEG",-0.163652616295894,-0.933801424490712,0.0134399319229003
"572","OLFM3","Thyroid","DEG",0.514656950529577,0.17292364895133,0.00985638172346825
"573","OLFM3","PPAR","DEG",0.514656950529577,0.17292364895133,0.00985638172346825
"574","OLFML1","Thyroid","DEG",-0.614685879596943,-1.07848870575928,0.0117761858077858
"575","OLIG1","Thyroid","PsychencodeTF",-0.238338414386154,0.523513265889716,0.263915025339849
"576","ONECUT2","Thyroid","PsychencodeTF&DEG",0.0244117355028685,-0.639925659232928,0.00175934849593666
"577","OTX2","Corticoid","PsychencodeTF&DEG",0.185834851310893,0.113828493606963,0.658642329377755
"578","OTX2","Thyroid","PsychencodeTF&DEG",0.185834851310893,0.113828493606963,0.658642329377755
"579","P2RX7","Estrogen","DEG",-0.17328863443941,-0.900516953259507,0.0160290087429754
"580","P2RX7","Thyroid","DEG",-0.17328863443941,-0.900516953259507,0.0160290087429754
"581","P2RY14","Thyroid","DEG",-0.625015417104674,-1.0029096989946,0.0289595412706884
"582","PABPC1L","Thyroid","DEG",-0.574583605984179,-0.321335910355615,0.0267133519501787
"583","PAPPA","Corticoid","DEG",-0.476281992688163,-0.721919035467522,0.00549307939186351
"584","PATZ1","Androgen","PsychencodeTF",0.0393402339808494,0.0523884627571248,0.550446760101439
"585","PCDH9","Estrogen","DEG",-0.353296480738318,-0.51191575411164,0.00061209823772461
"586","PCP4","Progesterone","DEG",0.13835466419445,0.625422372017526,0.075191879747717
"587","PCP4","Estrogen","DEG",0.13835466419445,0.625422372017526,0.075191879747717
"588","PDIA2","Thyroid","DEG",-0.34175626539161,-0.578018871637952,0.0452010130150742
"589","PDZD7","Estrogen","DEG",-0.419010933198252,-0.893453277672234,0.00198135890545229
"590","PHGDH","Estrogen","DEG",0.338810620038813,0.531806914844318,0.000365068056502048
"591","PHGDH","Thyroid","DEG",0.338810620038813,0.531806914844318,0.000365068056502048
"592","PI15","Thyroid","DEG",-1.07932679224061,-0.226788973128767,0.0889445075977162
"593","PKMYT1","Estrogen","DEG",0.813205610892794,0.765920362345957,0.0110282186376626
"594","PKMYT1","PPAR","DEG",0.813205610892794,0.765920362345957,0.0110282186376626
"595","PKMYT1","Thyroid","DEG",0.813205610892794,0.765920362345957,0.0110282186376626
"596","PLCE1","Thyroid","DEG",-0.532537814382793,0.0862193511865873,0.00164879395586794
"597","PLCE1","PPAR","DEG",-0.532537814382793,0.0862193511865873,0.00164879395586794
"598","PLCXD3","Estrogen","DEG",-0.127035460941804,-0.548821925221212,0.0133923073243061
"599","PLIN4","Retinoic","DEG",-0.554226613794866,-0.706970012249201,0.00838034354937297
"600","PLIN4","Androgen","DEG",-0.554226613794866,-0.706970012249201,0.00838034354937297
"601","PLIN4","Progesterone","DEG",-0.554226613794866,-0.706970012249201,0.00838034354937297
"602","PLIN4","Corticoid","DEG",-0.554226613794866,-0.706970012249201,0.00838034354937297
"603","PLIN4","Thyroid","DEG",-0.554226613794866,-0.706970012249201,0.00838034354937297
"604","PLIN4","PPAR","DEG",-0.554226613794866,-0.706970012249201,0.00838034354937297
"605","PLXND1","Androgen","DEG",-0.164453869632421,-0.629994671421812,0.010700450763746
"606","PODXL","Retinoic","DEG",-0.562134859117822,-0.0623724796072927,0.00172956086444894
"607","PODXL","Estrogen","DEG",-0.562134859117822,-0.0623724796072927,0.00172956086444894
"608","POSTN","Thyroid","DEG",-0.627172375605265,-2.49397346590605,0.000993791241006692
"609","POSTN","PPAR","DEG",-0.627172375605265,-2.49397346590605,0.000993791241006692
"610","POSTN","Estrogen","DEG",-0.627172375605265,-2.49397346590605,0.000993791241006692
"611","POSTN","Progesterone","DEG",-0.627172375605265,-2.49397346590605,0.000993791241006692
"612","POU4F2","Estrogen","PsychencodeTF&DEG",0.395518794467662,-0.657705154528868,0.0326658420302039
"613","PPARA","Thyroid","PsychencodeTF",0.180358336679976,0.138333077089943,0.249554960388779
"614","PPARA","PPAR","PsychencodeTF",0.180358336679976,0.138333077089943,0.249554960388779
"615","PPARA","Estrogen","PsychencodeTF",0.180358336679976,0.138333077089943,0.249554960388779
"616","PPARGC1A","Androgen","DEG",0.0495380775097616,0.0854559722209274,0.599768145662987
"617","PPARGC1A","Thyroid","DEG",0.0495380775097616,0.0854559722209274,0.599768145662987
"618","PPARGC1A","Progesterone","DEG",0.0495380775097616,0.0854559722209274,0.599768145662987
"619","PPARGC1A","Estrogen","DEG",0.0495380775097616,0.0854559722209274,0.599768145662987
"620","PPARGC1A","PPAR","DEG",0.0495380775097616,0.0854559722209274,0.599768145662987
"621","PRDM16","Thyroid","PsychencodeTF",0.243105999603711,0.431469420297398,0.0266221411414178
"622","PRELID2","PPAR","DEG",-0.238629891512318,-0.240598963357426,0.121602633167551
"623","PRELID2","Thyroid","DEG",-0.238629891512318,-0.240598963357426,0.121602633167551
"624","PRELID2","Retinoic","DEG",-0.238629891512318,-0.240598963357426,0.121602633167551
"625","PROM2","Estrogen","DEG",-0.483278595216333,-0.548104224819031,0.00194806712180685
"626","PROM2","Progesterone","DEG",-0.483278595216333,-0.548104224819031,0.00194806712180685
"627","PRPH","Corticoid","DEG",0.0519558369991937,-0.952367580538563,0.00141749757330694
"628","PTCH2","Thyroid","DEG",-1.07668020025538,-0.998660322871019,0.0165465205332872
"629","PTGES","Estrogen","DEG",-0.415166087844605,-0.705848071889705,0.00119324661289048
"630","PTGES","PPAR","DEG",-0.415166087844605,-0.705848071889705,0.00119324661289048
"631","PTGES","Retinoic","DEG",-0.415166087844605,-0.705848071889705,0.00119324661289048
"632","PTHLH","Progesterone","DEG",0.0736118858267713,1.11414706083453,0.0312195741289284
"633","PTHLH","Estrogen","DEG",0.0736118858267713,1.11414706083453,0.0312195741289284
"634","PTHLH","PPAR","DEG",0.0736118858267713,1.11414706083453,0.0312195741289284
"635","RAB13","Estrogen","DEG",-0.151670867219655,-0.226485766663391,0.689161202953773
"636","RAB13","PPAR","DEG",-0.151670867219655,-0.226485766663391,0.689161202953773
"637","RAB13","Corticoid","DEG",-0.151670867219655,-0.226485766663391,0.689161202953773
"638","RAB20","Thyroid","DEG",-0.427881556941957,-0.115266044306083,0.402221111223035
"639","RAB20","PPAR","DEG",-0.427881556941957,-0.115266044306083,0.402221111223035
"640","RAB20","Androgen","DEG",-0.427881556941957,-0.115266044306083,0.402221111223035
"641","RAB20","Estrogen","DEG",-0.427881556941957,-0.115266044306083,0.402221111223035
"642","RAB26","PPAR","DEG",-0.117866858854822,-0.684002747643874,0.0133923073243061
"643","RABAC1","Estrogen","DEG",0.310941658278264,0.500480348660053,0.00925825084647579
"644","RABAC1","Thyroid","DEG",0.310941658278264,0.500480348660053,0.00925825084647579
"645","RABAC1","PPAR","DEG",0.310941658278264,0.500480348660053,0.00925825084647579
"646","RABAC1","Progesterone","DEG",0.310941658278264,0.500480348660053,0.00925825084647579
"647","RABAC1","Corticoid","DEG",0.310941658278264,0.500480348660053,0.00925825084647579
"648","RAD52","Thyroid","DEG",-0.507115016201463,-0.469424028605952,0.00127908238295485
"649","RARB","Thyroid","DEG",-0.186297098123702,-0.321857756522066,0.252872487223266
"650","RARB","Retinoic","DEG",-0.186297098123702,-0.321857756522066,0.252872487223266
"651","RBPMS","Thyroid","DEG",-0.170802792871547,-0.646108611308362,0.0114019217486277
"652","RBPMS","Estrogen","DEG",-0.170802792871547,-0.646108611308362,0.0114019217486277
"653","REEP6","Estrogen","DEG",0.204806056860229,0.178306449163772,0.505396753528921
"654","REEP6","Progesterone","DEG",0.204806056860229,0.178306449163772,0.505396753528921
"655","REEP6","PPAR","DEG",0.204806056860229,0.178306449163772,0.505396753528921
"656","RELA","Androgen","PsychencodeTF",0.0428133461010799,0.13564191678651,0.04306753263541
"657","RELA","Corticoid","PsychencodeTF",0.0428133461010799,0.13564191678651,0.04306753263541
"658","RELA","PPAR","PsychencodeTF",0.0428133461010799,0.13564191678651,0.04306753263541
"659","RELA","Thyroid","PsychencodeTF",0.0428133461010799,0.13564191678651,0.04306753263541
"660","RELA","Progesterone","PsychencodeTF",0.0428133461010799,0.13564191678651,0.04306753263541
"661","RERG","Thyroid","DEG",0.588381613494822,-0.3326037177879,0.0477650239405871
"662","RERG","Estrogen","DEG",0.588381613494822,-0.3326037177879,0.0477650239405871
"663","RFX5","Estrogen","PsychencodeTF",-0.149819885565329,-0.277358620409869,0.00806620323534747
"664","RFX5","PPAR","PsychencodeTF",-0.149819885565329,-0.277358620409869,0.00806620323534747
"665","RFX5","Retinoic","PsychencodeTF",-0.149819885565329,-0.277358620409869,0.00806620323534747
"666","RGS10","Retinoic","DEG",0.162154383242674,-0.896529874124937,0.0372087758138121
"667","RGS10","Estrogen","DEG",0.162154383242674,-0.896529874124937,0.0372087758138121
"668","RGS10","Corticoid","DEG",0.162154383242674,-0.896529874124937,0.0372087758138121
"669","RGS10","Thyroid","DEG",0.162154383242674,-0.896529874124937,0.0372087758138121
"670","RGS10","PPAR","DEG",0.162154383242674,-0.896529874124937,0.0372087758138121
"671","RGS10","Androgen","DEG",0.162154383242674,-0.896529874124937,0.0372087758138121
"672","RHOF","PPAR","DEG",0.183625591734369,0.715971596045201,0.0185342185483846
"673","RIBC2","Estrogen","DEG",-0.30659794902181,0.525694532265161,0.0113367525386081
"674","RIBC2","Androgen","DEG",-0.30659794902181,0.525694532265161,0.0113367525386081
"675","RMI2","Retinoic","DEG",0.505698979844483,0.136172371822889,0.0377572934650956
"676","ROPN1L","Thyroid","DEG",-0.0843151757151438,0.850296654022096,0.0406559524664585
"677","RPL27","Corticoid","DEG",-0.185346997391489,-0.118143695970356,0.101677336778633
"678","RPLP1","Estrogen","DEG",0.214123615207517,0.588863062648015,0.0416094244828986
"679","RPLP1","Thyroid","DEG",0.214123615207517,0.588863062648015,0.0416094244828986
"680","RPS15A","Thyroid","DEG",-0.318815835247253,-0.228663204982052,0.00517814756164758
"681","RPS21","Estrogen","DEG",-0.00964760333790902,0.0905105087593151,0.500354252739853
"682","RPS21","Retinoic","DEG",-0.00964760333790902,0.0905105087593151,0.500354252739853
"683","RPS29","Estrogen","DEG",0.0250618753381093,0.0275726665899433,0.963724096745166
"684","RUNX1","Estrogen","DEG",0.389656553235118,-0.793374866099189,0.0262050751823174
"685","S1PR3","Thyroid","DEG",0.207693462868085,0.801589013743214,0.00796247350056941
"686","S1PR3","Corticoid","DEG",0.207693462868085,0.801589013743214,0.00796247350056941
"687","S1PR3","Estrogen","DEG",0.207693462868085,0.801589013743214,0.00796247350056941
"688","SALL4","Estrogen","DEG",-0.309178249333693,-0.914568963569872,0.0226152037311354
"689","SAT1","Estrogen","DEG",-0.689759857996422,-0.218655655903328,0.00273697767710921
"690","SAT1","Corticoid","DEG",-0.689759857996422,-0.218655655903328,0.00273697767710921
"691","SAT1","Thyroid","DEG",-0.689759857996422,-0.218655655903328,0.00273697767710921
"692","SAT1","Progesterone","DEG",-0.689759857996422,-0.218655655903328,0.00273697767710921
"693","SAT1","Androgen","DEG",-0.689759857996422,-0.218655655903328,0.00273697767710921
"694","SAT1","Retinoic","DEG",-0.689759857996422,-0.218655655903328,0.00273697767710921
"695","SCIN","Androgen","DEG",-0.897438510116257,0.27397543697774,0.0396135053251309
"696","SCIN","Estrogen","DEG",-0.897438510116257,0.27397543697774,0.0396135053251309
"697","SEMA3A","Thyroid","DEG",-0.0832614838935333,-0.625372575063252,0.0251243056183106
"698","SEMA3A","PPAR","DEG",-0.0832614838935333,-0.625372575063252,0.0251243056183106
"699","SEMA3A","Estrogen","DEG",-0.0832614838935333,-0.625372575063252,0.0251243056183106
"700","SEMA3E","Thyroid","DEG",0.142133965550698,-0.761620086207425,0.0115035439102171
"701","SEMA3E","Progesterone","DEG",0.142133965550698,-0.761620086207425,0.0115035439102171
"702","SERPINA3","Estrogen","DEG",0.244820029788543,0.672403559725013,0.266302162131455
"703","SERPINA3","Thyroid","DEG",0.244820029788543,0.672403559725013,0.266302162131455
"704","SERPINB9","Estrogen","DEG",0.0869893507823516,-0.885797797329849,0.00106699356104667
"705","SERPINB9","Thyroid","DEG",0.0869893507823516,-0.885797797329849,0.00106699356104667
"706","SERPINB9","PPAR","DEG",0.0869893507823516,-0.885797797329849,0.00106699356104667
"707","SERPINF1","Estrogen","DEG",0.0826288353153546,0.279769344212,0.410487539063141
"708","SERPINF1","Thyroid","DEG",0.0826288353153546,0.279769344212,0.410487539063141
"709","SERPINF1","Corticoid","DEG",0.0826288353153546,0.279769344212,0.410487539063141
"710","SERPINF1","Retinoic","DEG",0.0826288353153546,0.279769344212,0.410487539063141
"711","SGK2","Estrogen","DEG",-0.558265594476453,-0.599522173567086,0.0435907121106919
"712","SGK2","Thyroid","DEG",-0.558265594476453,-0.599522173567086,0.0435907121106919
"713","SH3GL2","PPAR","DEG",-0.433489469014214,-0.810540400636312,0.012680517299392
"714","SH3TC2","Estrogen","DEG",0.841960385598456,0.596740992388425,0.0209715799281685
"715","SH3TC2","Retinoic","DEG",0.841960385598456,0.596740992388425,0.0209715799281685
"716","SIDT1","Estrogen","DEG",-0.514667368632571,-0.899649779788102,0.0338330796217085
"717","SKAP2","Retinoic","DEG",-0.319050610680995,-0.429289981436546,0.173759995769954
"718","SKAP2","Estrogen","DEG",-0.319050610680995,-0.429289981436546,0.173759995769954
"719","SKAP2","PPAR","DEG",-0.319050610680995,-0.429289981436546,0.173759995769954
"720","SLC16A6","PPAR","DEG",-0.241301797419799,0.575115807372489,0.000840179899651478
"721","SLC16A6","Retinoic","DEG",-0.241301797419799,0.575115807372489,0.000840179899651478
"722","SLC16A6","Estrogen","DEG",-0.241301797419799,0.575115807372489,0.000840179899651478
"723","SLC16A6","Progesterone","DEG",-0.241301797419799,0.575115807372489,0.000840179899651478
"724","SLC16A6","Thyroid","DEG",-0.241301797419799,0.575115807372489,0.000840179899651478
"725","SLC16A6","Corticoid","DEG",-0.241301797419799,0.575115807372489,0.000840179899651478
"726","SLC35F2","Estrogen","DEG",0.792904202481192,0.283140192749014,0.00150310843640361
"727","SLC5A7","PPAR","DEG",-0.708741463265673,-2.17656473762325,0.00609397357273369
"728","SLC6A1","Estrogen","DEG",-0.210675339002939,-0.578226378950014,0.002909871861664
"729","SLC8A1","Estrogen","DEG",-0.584869014541011,-0.0984835120269058,0.00583628399148514
"730","SLC9A4","Thyroid","DEG",-0.479547888351676,-0.644142094985993,0.0159060518454157
"731","SMIM5","Estrogen","DEG",-0.774446309998392,-0.600871116147106,0.0140726293550013
"732","SMOC2","Progesterone","DEG",-0.349425591780096,-0.304351371850108,0.677489459510643
"733","SMOC2","Estrogen","DEG",-0.349425591780096,-0.304351371850108,0.677489459510643
"734","SMOC2","Androgen","DEG",-0.349425591780096,-0.304351371850108,0.677489459510643
"735","SMOC2","Thyroid","DEG",-0.349425591780096,-0.304351371850108,0.677489459510643
"736","SNAI1","Thyroid","PsychencodeTF&DEG",0.0545433234358656,-0.541419583116797,0.0120667406550169
"737","SNAI1","PPAR","PsychencodeTF&DEG",0.0545433234358656,-0.541419583116797,0.0120667406550169
"738","SNAI1","Progesterone","PsychencodeTF&DEG",0.0545433234358656,-0.541419583116797,0.0120667406550169
"739","SNAI2","PPAR","PsychencodeTF&DEG",-0.135458250531502,-0.932039325864206,0.0237644463235054
"740","SNAI2","Thyroid","PsychencodeTF&DEG",-0.135458250531502,-0.932039325864206,0.0237644463235054
"741","SNAI2","Estrogen","PsychencodeTF&DEG",-0.135458250531502,-0.932039325864206,0.0237644463235054
"742","SNRPG","Progesterone","DEG",-0.236433359137688,-0.167139327248132,0.0570266311636261
"743","SNRPG","PPAR","DEG",-0.236433359137688,-0.167139327248132,0.0570266311636261
"744","SOD3","PPAR","DEG",0.0666950376034523,0.946597917240904,0.0450345100235673
"745","SOD3","Thyroid","DEG",0.0666950376034523,0.946597917240904,0.0450345100235673
"746","SOX10","Progesterone","PsychencodeTF&DEG",-0.711143777154578,-1.40890034865538,0.00253024755554853
"747","SOX4","Retinoic","PsychencodeTF",-0.0792979462600295,0.100778613203948,0.0882283720094972
"748","SOX4","Thyroid","PsychencodeTF",-0.0792979462600295,0.100778613203948,0.0882283720094972
"749","SOX4","PPAR","PsychencodeTF",-0.0792979462600295,0.100778613203948,0.0882283720094972
"750","SOX4","Corticoid","PsychencodeTF",-0.0792979462600295,0.100778613203948,0.0882283720094972
"751","SOX4","Estrogen","PsychencodeTF",-0.0792979462600295,0.100778613203948,0.0882283720094972
"752","SOX9","Androgen","PsychencodeTF",0.326612182076027,0.380690548528021,0.0224030541508607
"753","SOX9","Estrogen","PsychencodeTF",0.326612182076027,0.380690548528021,0.0224030541508607
"754","SOX9","Retinoic","PsychencodeTF",0.326612182076027,0.380690548528021,0.0224030541508607
"755","SOX9","Thyroid","PsychencodeTF",0.326612182076027,0.380690548528021,0.0224030541508607
"756","SOX9","Corticoid","PsychencodeTF",0.326612182076027,0.380690548528021,0.0224030541508607
"757","SP5","Thyroid","PsychencodeTF&DEG",0.942261223074879,0.590563188917822,0.000534755878262269
"758","SPARCL1","PPAR","DEG",0.285177702547413,-0.594964701334972,0.00144282402790166
"759","SPARCL1","Estrogen","DEG",0.285177702547413,-0.594964701334972,0.00144282402790166
"760","SPHKAP","Thyroid","DEG",-0.170851943788246,-1.50048676997207,0.00223279089791041
"761","SPON2","PPAR","DEG",0.198260373763657,0.0522286047583746,0.691264529157067
"762","SPON2","Thyroid","DEG",0.198260373763657,0.0522286047583746,0.691264529157067
"763","SPON2","Progesterone","DEG",0.198260373763657,0.0522286047583746,0.691264529157067
"764","SPON2","Estrogen","DEG",0.198260373763657,0.0522286047583746,0.691264529157067
"765","SREBF1","Retinoic","PsychencodeTF",0.0700592232221859,0.243214932303609,0.0108409002069748
"766","SREBF1","Estrogen","PsychencodeTF",0.0700592232221859,0.243214932303609,0.0108409002069748
"767","SREBF1","PPAR","PsychencodeTF",0.0700592232221859,0.243214932303609,0.0108409002069748
"768","SREBF1","Corticoid","PsychencodeTF",0.0700592232221859,0.243214932303609,0.0108409002069748
"769","SREBF1","Progesterone","PsychencodeTF",0.0700592232221859,0.243214932303609,0.0108409002069748
"770","SREBF2","Thyroid","PsychencodeTF",-0.0432321405919609,-0.0124019377086792,0.829878911336809
"771","SREBF2","Retinoic","PsychencodeTF",-0.0432321405919609,-0.0124019377086792,0.829878911336809
"772","SREBF2","Estrogen","PsychencodeTF",-0.0432321405919609,-0.0124019377086792,0.829878911336809
"773","SREBF2","PPAR","PsychencodeTF",-0.0432321405919609,-0.0124019377086792,0.829878911336809
"774","ST8SIA3","PPAR","DEG",0.135169044506443,-0.573175640001779,0.00164487997582941
"775","STAG3L1","Estrogen","DEG",-0.685405683776369,-0.686129036643806,0.0169462503500667
"776","STAT2","Thyroid","PsychencodeTF",-0.23953640075815,-0.231567077391035,0.0240047798203982
"777","STAT2","Estrogen","PsychencodeTF",-0.23953640075815,-0.231567077391035,0.0240047798203982
"778","STAT5B","PPAR","PsychencodeTF",0.120766130868178,0.0341266057559878,0.102602858843548
"779","STAT5B","Estrogen","PsychencodeTF",0.120766130868178,0.0341266057559878,0.102602858843548
"780","STAT5B","Progesterone","PsychencodeTF",0.120766130868178,0.0341266057559878,0.102602858843548
"781","STAT5B","Corticoid","PsychencodeTF",0.120766130868178,0.0341266057559878,0.102602858843548
"782","STAT5B","Thyroid","PsychencodeTF",0.120766130868178,0.0341266057559878,0.102602858843548
"783","STMN2","PPAR","DEG",-0.261519673648326,-0.504050013188064,0.00176502660369358
"784","TAC3","Androgen","DEG",-0.961025977403657,0.353208822109523,0.0069184028725457
"785","TACC3","Corticoid","DEG",0.652504603576135,0.727787430359096,0.0299304460635601
"786","TACC3","Thyroid","DEG",0.652504603576135,0.727787430359096,0.0299304460635601
"787","TACC3","Estrogen","DEG",0.652504603576135,0.727787430359096,0.0299304460635601
"788","TACC3","Androgen","DEG",0.652504603576135,0.727787430359096,0.0299304460635601
"789","TENM1","PPAR","DEG",-0.373330620379897,-0.578024151784242,0.00611519486325499
"790","TENM3","Thyroid","DEG",0.569718274734729,0.436667973713896,0.00107252297327375
"791","TFDP1","Retinoic","PsychencodeTF",0.201508021636873,0.190510995788071,0.0337283180941395
"792","TFDP1","Corticoid","PsychencodeTF",0.201508021636873,0.190510995788071,0.0337283180941395
"793","TFDP1","Estrogen","PsychencodeTF",0.201508021636873,0.190510995788071,0.0337283180941395
"794","TFDP1","Thyroid","PsychencodeTF",0.201508021636873,0.190510995788071,0.0337283180941395
"795","TFDP1","PPAR","PsychencodeTF",0.201508021636873,0.190510995788071,0.0337283180941395
"796","TFPI","Estrogen","DEG",0.132745144675113,-0.570880792049009,0.0211046606803789
"797","TFPI","Progesterone","DEG",0.132745144675113,-0.570880792049009,0.0211046606803789
"798","TFPI","Retinoic","DEG",0.132745144675113,-0.570880792049009,0.0211046606803789
"799","TFPI","Thyroid","DEG",0.132745144675113,-0.570880792049009,0.0211046606803789
"800","TGFB2","Estrogen","DEG",0.666073998084611,0.538769869796921,0.0027001940758856
"801","TGFB2","Thyroid","DEG",0.666073998084611,0.538769869796921,0.0027001940758856
"802","TGFB2","Progesterone","DEG",0.666073998084611,0.538769869796921,0.0027001940758856
"803","TGM1","Thyroid","DEG",-0.766146397741939,-0.65144800757696,0.023560157084707
"804","TH","Corticoid","DEG",0.317341827487182,-0.566752171147801,0.00164487997582941
"805","TH","Estrogen","DEG",0.317341827487182,-0.566752171147801,0.00164487997582941
"806","THBS1","Progesterone","DEG",-0.558582022182618,-0.127540714333524,0.0316627215425681
"807","THBS1","Androgen","DEG",-0.558582022182618,-0.127540714333524,0.0316627215425681
"808","THBS1","Thyroid","DEG",-0.558582022182618,-0.127540714333524,0.0316627215425681
"809","THSD4","Estrogen","DEG",-0.127825674869624,-0.0376969345135533,0.767989651293324
"810","TLE2","Estrogen","DEG",-0.323516447597374,-0.822431505724464,0.026085166052587
"811","TLE2","Retinoic","DEG",-0.323516447597374,-0.822431505724464,0.026085166052587
"812","TM4SF1","Estrogen","DEG",0.53726292941247,-0.278085601702988,0.019974026622754
"813","TM4SF1","Progesterone","DEG",0.53726292941247,-0.278085601702988,0.019974026622754
"814","TM4SF1","Corticoid","DEG",0.53726292941247,-0.278085601702988,0.019974026622754
"815","TMEFF2","Androgen","DEG",0.206760228888835,-0.602794875386714,0.000224932094635943
"816","TMEM186","Thyroid","DEG",0.0724680503051199,0.174564028590934,0.352036295465281
"817","TMEM186","Estrogen","DEG",0.0724680503051199,0.174564028590934,0.352036295465281
"818","TMSB15A","Retinoic","DEG",-0.230088083631524,-0.0909730935546364,0.0759271148594078
"819","TNFRSF25","Thyroid","DEG",-0.611497409909829,-0.652058341237613,0.0163571299935814
"820","TP73","PPAR","PsychencodeTF",-0.251723484815689,0.217289168073896,0.00130440556755736
"821","TPGS1","Estrogen","DEG",1.31819098661005,1.24630695208178,0.0369402790372943
"822","TPRKB","Thyroid","DEG",0.0267168533839345,0.0550399746752384,0.902368151479474
"823","TPRKB","Corticoid","DEG",0.0267168533839345,0.0550399746752384,0.902368151479474
"824","TRAPPC5","PPAR","DEG",0.581383265535418,0.593118708528309,0.0408613030437936
"825","TRAPPC5","Estrogen","DEG",0.581383265535418,0.593118708528309,0.0408613030437936
"826","TRIL","Estrogen","DEG",0.850296660742963,0.23815344476355,0.00187818503848571
"827","TRIM22","PPAR","DEG",-0.689264518978677,-0.180216890007373,0.00357664318430071
"828","TSNAXIP1","Androgen","DEG",-0.584588457167623,-0.352233789756161,0.0227099091022657
"829","TTYH3","Thyroid","DEG",0.375147665772667,0.524040521297192,0.00769871500476951
"830","TTYH3","Corticoid","DEG",0.375147665772667,0.524040521297192,0.00769871500476951
"831","TVP23C","PPAR","DEG",-0.436529567710279,-0.585240766265119,0.00113639995561922
"832","TWIST1","Thyroid","DEG",-0.0714762104482882,-1.39517291791241,0.0304693649306935
"833","TXN2","Thyroid","DEG",0.238239199363567,0.541762322050727,0.0308631230305469
"834","TYMS","PPAR","DEG",0.443327360350589,0.517562406018574,0.0396135053251309
"835","TYMS","Progesterone","DEG",0.443327360350589,0.517562406018574,0.0396135053251309
"836","TYMS","Thyroid","DEG",0.443327360350589,0.517562406018574,0.0396135053251309
"837","TYMS","Corticoid","DEG",0.443327360350589,0.517562406018574,0.0396135053251309
"838","TYMS","Estrogen","DEG",0.443327360350589,0.517562406018574,0.0396135053251309
"839","UPF3B","Androgen","DEG",0.0328276980097893,-0.258683048235253,0.178895982031258
"840","UPF3B","PPAR","DEG",0.0328276980097893,-0.258683048235253,0.178895982031258
"841","UPF3B","Estrogen","DEG",0.0328276980097893,-0.258683048235253,0.178895982031258
"842","USP6","Thyroid","DEG",-0.518301643815809,-0.493535842293208,0.026085166052587
"843","VGF","PPAR","DEG",0.772946716568579,0.701722788753423,0.0135053494202163
"844","VIPR2","Estrogen","DEG",-0.140742348888102,-0.777192125500756,0.00878281857264891
"845","WFDC2","Thyroid","DEG",0.413385078796987,0.955957834124166,0.0225882180107447
"846","WNT1","PPAR","DEG",0.423573429994129,-0.730590399935368,0.00812050501252125
"847","WNT10B","Retinoic","DEG",-0.0680960625322322,-0.880285345087491,0.00640476628931998
"848","WSB1","Thyroid","DEG",-0.562357615857009,-0.464497280436176,0.000365068056502048
"849","WSB1","Androgen","DEG",-0.562357615857009,-0.464497280436176,0.000365068056502048
"850","XDH","Thyroid","DEG",-0.532514049019781,-0.51573478956978,0.0144682100723212
"851","XDH","Progesterone","DEG",-0.532514049019781,-0.51573478956978,0.0144682100723212
"852","XDH","PPAR","DEG",-0.532514049019781,-0.51573478956978,0.0144682100723212
"853","ZBTB7A","Androgen","PsychencodeTF",0.239967001466287,0.340341531511731,0.0496103882321382
"854","ZBTB7B","PPAR","PsychencodeTF",0.00261796116679809,0.00144901682690334,0.999678941951825
"855","ZFHX3","Thyroid","PsychencodeTF",0.11892834211551,-0.163301911055503,0.0312195741289284
"856","ZNF219","PPAR","PsychencodeTF",0.252740077847568,0.250665936263086,0.0432884333364317
"857","ZNF219","Thyroid","PsychencodeTF",0.252740077847568,0.250665936263086,0.0432884333364317
